Campaign,Ad group,Keyword,Criterion Type
CaseBuilder SEO-onderzoek,cluster flightcase onderdelen,accessoires,Exact
CaseBuilder SEO-onderzoek,cluster flightcase onderdelen,gereedschap,Exact
CaseBuilder SEO-onderzoek,cluster flightcase onderdelen,hoeken,Exact
CaseBuilder SEO-onderzoek,cluster flightcase onderdelen,bouwpakket,Exact
CaseBuilder SEO-onderzoek,cluster flightcase onderdelen,handgrepen,Exact
CaseBuilder SEO-onderzoek,cluster flightcase onderdelen,onderdelen,Exact
CaseBuilder SEO-onderzoek,cluster flightcase onderdelen,scharnieren,Exact
CaseBuilder SEO-onderzoek,cluster flightcase onderdelen,schotels,Exact
CaseBuilder SEO-onderzoek,cluster flightcase onderdelen,hoeklijn,Exact
CaseBuilder SEO-onderzoek,cluster flightcase onderdelen,popnagel,Exact
CaseBuilder SEO-onderzoek,cluster flightcase onderdelen,schotel,Exact
CaseBuilder SEO-onderzoek,cluster flightcase onderdelen,spuitlijm,Exact
CaseBuilder SEO-onderzoek,cluster flightcase onderdelen,flightcase onderdelen,Exact
CaseBuilder SEO-onderzoek,cluster flightcase onderdelen,flightcase wielen,Exact
CaseBuilder SEO-onderzoek,cluster flightcase onderdelen,bevestigingmaterialen,Exact
CaseBuilder SEO-onderzoek,cluster flightcase onderdelen,sluitingen,Exact
CaseBuilder SEO-onderzoek,cluster flightcase onderdelen,voetjes,Exact
CaseBuilder SEO-onderzoek,cluster flightcase onderdelen,blindklinknagel,Exact
CaseBuilder SEO-onderzoek,cluster flightcase onderdelen,carrosseriering m6,Exact
CaseBuilder SEO-onderzoek,cluster flightcase onderdelen,kistsluiting,Exact
CaseBuilder SEO-onderzoek,cluster flightcase onderdelen,klepsluiting,Exact
CaseBuilder SEO-onderzoek,cluster flightcase onderdelen,koffersluiting,Exact
CaseBuilder SEO-onderzoek,cluster flightcase onderdelen,kooimoer,Exact
CaseBuilder SEO-onderzoek,cluster flightcase onderdelen,leren handgreep,Exact
CaseBuilder SEO-onderzoek,cluster flightcase onderdelen,rubber voet,Exact
CaseBuilder SEO-onderzoek,cluster flightcase onderdelen,t slot,Exact
CaseBuilder SEO-onderzoek,cluster flightcase onderdelen,zwarte verf,Exact
CaseBuilder SEO-onderzoek,cluster flightcase onderdelen,flightcase handgrepen,Exact
CaseBuilder SEO-onderzoek,cluster flightcase onderdelen,flightcase hoeken,Exact
CaseBuilder SEO-onderzoek,cluster flightcase onderdelen,flightcase sluitingen,Exact
CaseBuilder SEO-onderzoek,cluster flightcase onderdelen,flightcase accessoires,Exact
CaseBuilder SEO-onderzoek,cluster flightcase onderdelen,rackprofiel,Exact
CaseBuilder SEO-onderzoek,cluster flightcase onderdelen,inbouw handgreep,Exact
CaseBuilder SEO-onderzoek,cluster flightcase onderdelen,lakspray,Exact
CaseBuilder SEO-onderzoek,cluster flightcase onderdelen,overzethoek,Exact
CaseBuilder SEO-onderzoek,cluster flightcase onderdelen,bokwiel 100mm,Exact
CaseBuilder SEO-onderzoek,cluster flightcase onderdelen,bokwiel 50mm,Exact
CaseBuilder SEO-onderzoek,cluster flightcase onderdelen,bolhoek,Exact
CaseBuilder SEO-onderzoek,cluster flightcase onderdelen,carrosseriering m4,Exact
CaseBuilder SEO-onderzoek,cluster flightcase onderdelen,carrosseriering m5,Exact
CaseBuilder SEO-onderzoek,cluster flightcase onderdelen,inbouwschotel,Exact
CaseBuilder SEO-onderzoek,cluster flightcase onderdelen,klittenband haak en lus,Exact
CaseBuilder SEO-onderzoek,cluster flightcase onderdelen,kofferhandgreep,Exact
CaseBuilder SEO-onderzoek,cluster flightcase onderdelen,l hoek,Exact
CaseBuilder SEO-onderzoek,cluster flightcase onderdelen,popnageltang pneumatisch,Exact
CaseBuilder SEO-onderzoek,cluster flightcase onderdelen,stopscharnier,Exact
CaseBuilder SEO-onderzoek,cluster flightcase onderdelen,tente zwenkwiel,Exact
CaseBuilder SEO-onderzoek,cluster flightcase onderdelen,tente zwenkwiel 100,Exact
CaseBuilder SEO-onderzoek,cluster flightcase onderdelen,tente zwenkwiel met rem,Exact
CaseBuilder SEO-onderzoek,cluster flightcase onderdelen,warnex verf,Exact
CaseBuilder SEO-onderzoek,cluster flightcase onderdelen,zwenkwiel 100mm,Exact
CaseBuilder SEO-onderzoek,cluster flightcase onderdelen,zwenkwiel 125mm,Exact
CaseBuilder SEO-onderzoek,cluster flightcase onderdelen,zwenkwiel 50mm,Exact
CaseBuilder SEO-onderzoek,cluster flightcase onderdelen,zwenkwiel 80mm,Exact
CaseBuilder SEO-onderzoek,cluster flightcase onderdelen,zwenkwiel met rem 100mm,Exact
CaseBuilder SEO-onderzoek,cluster flightcase onderdelen,zwenkwiel met rem 50mm,Exact
CaseBuilder SEO-onderzoek,cluster flightcase onderdelen,lijm en verf,Exact
CaseBuilder SEO-onderzoek,cluster flightcase onderdelen,100mm heavy duty zwenkwiel met rem,Exact
CaseBuilder SEO-onderzoek,cluster flightcase onderdelen,100mm heavy duty zwenkwiel ongeremd,Exact
CaseBuilder SEO-onderzoek,cluster flightcase onderdelen,10u eco 19 rack case met verstelbare rackrails,Exact
CaseBuilder SEO-onderzoek,cluster flightcase onderdelen,12u eco 19 rack case met verstelbare rackrails,Exact
CaseBuilder SEO-onderzoek,cluster flightcase onderdelen,19 8 voudige contactdoos achter 1he met schakelaar,Exact
CaseBuilder SEO-onderzoek,cluster flightcase onderdelen,19 frontplaat 1 he ventilatie,Exact
CaseBuilder SEO-onderzoek,cluster flightcase onderdelen,19 frontplaat 1 he ventilatie sleuven,Exact
CaseBuilder SEO-onderzoek,cluster flightcase onderdelen,19 frontplaat 1he 12x neutrik,Exact
CaseBuilder SEO-onderzoek,cluster flightcase onderdelen,19 frontplaat 1he 2,Exact
CaseBuilder SEO-onderzoek,cluster flightcase onderdelen,19 frontplaat 1he 8x neutrik,Exact
CaseBuilder SEO-onderzoek,cluster flightcase onderdelen,19 frontplaat 1he aluminium plat,Exact
CaseBuilder SEO-onderzoek,cluster flightcase onderdelen,19 frontplaat 2he 24x neutrik,Exact
CaseBuilder SEO-onderzoek,cluster flightcase onderdelen,19 rackbehuizing voor scanapparaten met verstelbare rackrail,Exact
CaseBuilder SEO-onderzoek,cluster flightcase onderdelen,30 cm multiflex truck tray met schuimrubberen inleg,Exact
CaseBuilder SEO-onderzoek,cluster flightcase onderdelen,4he live rackschienen,Exact
CaseBuilder SEO-onderzoek,cluster flightcase onderdelen,5mm spiraalboor hss,Exact
CaseBuilder SEO-onderzoek,cluster flightcase onderdelen,5u eco 19 rack case met verstelbare rackrails,Exact
CaseBuilder SEO-onderzoek,cluster flightcase onderdelen,8u eco 19 rack case met verstelbare rackrails,Exact
CaseBuilder SEO-onderzoek,cluster flightcase onderdelen,8u eco 19 rack case met verstelbare rackrails 2,Exact
CaseBuilder SEO-onderzoek,cluster flightcase onderdelen,abs stapelsysteem,Exact
CaseBuilder SEO-onderzoek,cluster flightcase onderdelen,abs stapelvoet,Exact
CaseBuilder SEO-onderzoek,cluster flightcase onderdelen,abs voet,Exact
CaseBuilder SEO-onderzoek,cluster flightcase onderdelen,afdekplaat plank voor bierkrat,Exact
CaseBuilder SEO-onderzoek,cluster flightcase onderdelen,aluminium f profiel 9 1,Exact
CaseBuilder SEO-onderzoek,cluster flightcase onderdelen,aluminium f profiel 9 1mm bundel,Exact
CaseBuilder SEO-onderzoek,cluster flightcase onderdelen,aluminium insteekhoeklijn 10mm glad r5,Exact
CaseBuilder SEO-onderzoek,cluster flightcase onderdelen,aluminium insteekhoeklijn 10mm glad r5 bundel,Exact
CaseBuilder SEO-onderzoek,cluster flightcase onderdelen,aluminium insteekhoeklijn 9 1mm glad r5,Exact
CaseBuilder SEO-onderzoek,cluster flightcase onderdelen,aluminium insteekhoeklijn 9 1mm glad r5 bundel,Exact
CaseBuilder SEO-onderzoek,cluster flightcase onderdelen,aluminium profielkoffers boxmodel,Exact
CaseBuilder SEO-onderzoek,cluster flightcase onderdelen,aluminium profielkoffers branding,Exact
CaseBuilder SEO-onderzoek,cluster flightcase onderdelen,aluminium profielkoffers koffermodel,Exact
CaseBuilder SEO-onderzoek,cluster flightcase onderdelen,aluminium profielkoffers primo,Exact
CaseBuilder SEO-onderzoek,cluster flightcase onderdelen,aluminium sluitprofiel 10 mm glad,Exact
CaseBuilder SEO-onderzoek,cluster flightcase onderdelen,aluminium sluitprofiel 10 mm glad bundel,Exact
CaseBuilder SEO-onderzoek,cluster flightcase onderdelen,aluminium sluitprofiel 9 1mm glad,Exact
CaseBuilder SEO-onderzoek,cluster flightcase onderdelen,aluminium sluitprofiel 9 1mm glad bundel,Exact
CaseBuilder SEO-onderzoek,cluster flightcase onderdelen,bokwiel 80mm,Exact
CaseBuilder SEO-onderzoek,cluster flightcase onderdelen,bolhoek 45mm r5,Exact
CaseBuilder SEO-onderzoek,cluster flightcase onderdelen,bolhoek 45mm stapelbaar r5,Exact
CaseBuilder SEO-onderzoek,cluster flightcase onderdelen,bolhoek 58mm r2,Exact
CaseBuilder SEO-onderzoek,cluster flightcase onderdelen,bolhoek 58mm stapelbaar r2,Exact
CaseBuilder SEO-onderzoek,cluster flightcase onderdelen,bolhoek 65mm r2,Exact
CaseBuilder SEO-onderzoek,cluster flightcase onderdelen,bolhoek 65mm r5,Exact
CaseBuilder SEO-onderzoek,cluster flightcase onderdelen,bolhoek 65mm stapelbaar r5,Exact
CaseBuilder SEO-onderzoek,cluster flightcase onderdelen,bolhoek medium r5 met verzet,Exact
CaseBuilder SEO-onderzoek,cluster flightcase onderdelen,bouwpakket kabelkist 60 100,Exact
CaseBuilder SEO-onderzoek,cluster flightcase onderdelen,bouwpakket kabelkist 60 100 laag,Exact
CaseBuilder SEO-onderzoek,cluster flightcase onderdelen,bouwpakket kabelkist 60 60,Exact
CaseBuilder SEO-onderzoek,cluster flightcase onderdelen,bouwpakket kabelkist 60 80,Exact
CaseBuilder SEO-onderzoek,cluster flightcase onderdelen,bouwpakket multikist,Exact
CaseBuilder SEO-onderzoek,cluster flightcase onderdelen,carrosseriering m4 10,Exact
CaseBuilder SEO-onderzoek,cluster flightcase onderdelen,carrosseriering m5 10,Exact
CaseBuilder SEO-onderzoek,cluster flightcase onderdelen,carrosseriering m6 10,Exact
CaseBuilder SEO-onderzoek,cluster flightcase onderdelen,dolly met 4x zwenkwiel,Exact
CaseBuilder SEO-onderzoek,cluster flightcase onderdelen,dubbel scharnier met vaste pen 70mm,Exact
CaseBuilder SEO-onderzoek,cluster flightcase onderdelen,easyslide taperack,Exact
CaseBuilder SEO-onderzoek,cluster flightcase onderdelen,flightcase eurolite nsf 250 led hybrid spray fogger,Exact
CaseBuilder SEO-onderzoek,cluster flightcase onderdelen,flightcase trolleykoffer nedschroef,Exact
CaseBuilder SEO-onderzoek,cluster flightcase onderdelen,flightcase voor een mdg atmosphere atme accessoires,Exact
CaseBuilder SEO-onderzoek,cluster flightcase onderdelen,gereedschap pakket handmatig,Exact
CaseBuilder SEO-onderzoek,cluster flightcase onderdelen,gereedschap pakket pneumatisch,Exact
CaseBuilder SEO-onderzoek,cluster flightcase onderdelen,grote inbouw dekselstopper,Exact
CaseBuilder SEO-onderzoek,cluster flightcase onderdelen,grote inbouw dekselstopper met verzet,Exact
CaseBuilder SEO-onderzoek,cluster flightcase onderdelen,grote inbouw vlindersluiting automatisch en afsluitbaar,Exact
CaseBuilder SEO-onderzoek,cluster flightcase onderdelen,grote inbouw vlindersluiting automatisch met verzet en afsluitbaar,Exact
CaseBuilder SEO-onderzoek,cluster flightcase onderdelen,grote inbouw vlindersluiting met slotoog,Exact
CaseBuilder SEO-onderzoek,cluster flightcase onderdelen,grote inbouw vlindersluiting met slotoog en met verzet,Exact
CaseBuilder SEO-onderzoek,cluster flightcase onderdelen,grote inbouw vlindersluiting mol3,Exact
CaseBuilder SEO-onderzoek,cluster flightcase onderdelen,grote inbouw vlindersluiting mol3 met verzet,Exact
CaseBuilder SEO-onderzoek,cluster flightcase onderdelen,grote opbouw vlindersluiting,Exact
CaseBuilder SEO-onderzoek,cluster flightcase onderdelen,grote opbouw vlindersluiting met slotoog,Exact
CaseBuilder SEO-onderzoek,cluster flightcase onderdelen,h profiel 10mm,Exact
CaseBuilder SEO-onderzoek,cluster flightcase onderdelen,haak voor kistsluiting,Exact
CaseBuilder SEO-onderzoek,cluster flightcase onderdelen,hoek inbouwwiel 50mm,Exact
CaseBuilder SEO-onderzoek,cluster flightcase onderdelen,hoek inbouwwiel 75mm,Exact
CaseBuilder SEO-onderzoek,cluster flightcase onderdelen,hoek inbouwwiel 75mm hd,Exact
CaseBuilder SEO-onderzoek,cluster flightcase onderdelen,hybrid sluitprofiel 7 1mm,Exact
CaseBuilder SEO-onderzoek,cluster flightcase onderdelen,inbouw dekselstop groot met scharnier,Exact
CaseBuilder SEO-onderzoek,cluster flightcase onderdelen,inbouw dekselstop met scharnier,Exact
CaseBuilder SEO-onderzoek,cluster flightcase onderdelen,inbouw handgreep medium,Exact
CaseBuilder SEO-onderzoek,cluster flightcase onderdelen,inbouw handgreep medium abs,Exact
CaseBuilder SEO-onderzoek,cluster flightcase onderdelen,inbouw handgreep medium oem,Exact
CaseBuilder SEO-onderzoek,cluster flightcase onderdelen,inbouw handgreep medium rvs,Exact
CaseBuilder SEO-onderzoek,cluster flightcase onderdelen,inbouw handgreep medium small,Exact
CaseBuilder SEO-onderzoek,cluster flightcase onderdelen,inbouw handgreep medium split,Exact
CaseBuilder SEO-onderzoek,cluster flightcase onderdelen,inbouw steekwiel 50mm,Exact
CaseBuilder SEO-onderzoek,cluster flightcase onderdelen,inbouw vlindersluiting 1he automatisch,Exact
CaseBuilder SEO-onderzoek,cluster flightcase onderdelen,inbouwschotel groot 2x neutrik d zwart 2,Exact
CaseBuilder SEO-onderzoek,cluster flightcase onderdelen,inbouwschotel medium,Exact
CaseBuilder SEO-onderzoek,cluster flightcase onderdelen,inbouwwiel 50mm,Exact
CaseBuilder SEO-onderzoek,cluster flightcase onderdelen,inbouwwiel 64mm,Exact
CaseBuilder SEO-onderzoek,cluster flightcase onderdelen,inbouwwiel 75mm,Exact
CaseBuilder SEO-onderzoek,cluster flightcase onderdelen,inhaakscharnier 57mm,Exact
CaseBuilder SEO-onderzoek,cluster flightcase onderdelen,inslagmoer m5 10,Exact
CaseBuilder SEO-onderzoek,cluster flightcase onderdelen,inslagmoer m5 25,Exact
CaseBuilder SEO-onderzoek,cluster flightcase onderdelen,inslagmoer m6 100,Exact
CaseBuilder SEO-onderzoek,cluster flightcase onderdelen,inslagmoer m6 25,Exact
CaseBuilder SEO-onderzoek,cluster flightcase onderdelen,inslagmoer m8 25,Exact
CaseBuilder SEO-onderzoek,cluster flightcase onderdelen,insteekhoeklijn 10mm,Exact
CaseBuilder SEO-onderzoek,cluster flightcase onderdelen,insteekhoeklijn 7 1mm,Exact
CaseBuilder SEO-onderzoek,cluster flightcase onderdelen,insteekhoeklijn 9 5mm,Exact
CaseBuilder SEO-onderzoek,cluster flightcase onderdelen,kabelkoffer zwart multiplex,Exact
CaseBuilder SEO-onderzoek,cluster flightcase onderdelen,kap stairville wgf 2000 water ground fog,Exact
CaseBuilder SEO-onderzoek,cluster flightcase onderdelen,kap voor een stairville af 250 rookmachine 1300w dmx,Exact
CaseBuilder SEO-onderzoek,cluster flightcase onderdelen,kemper profiler afstandsbediening 2x mission engineering ep 1 pedaalkoffer,Exact
CaseBuilder SEO-onderzoek,cluster flightcase onderdelen,kemper profiler stage mk2 pedaalkoffer incl mission engineering ep 1,Exact
CaseBuilder SEO-onderzoek,cluster flightcase onderdelen,kist voor een 55 inch tv scherm en accessoires,Exact
CaseBuilder SEO-onderzoek,cluster flightcase onderdelen,kistscharnier 100mm,Exact
CaseBuilder SEO-onderzoek,cluster flightcase onderdelen,kistscharnier 150mm,Exact
CaseBuilder SEO-onderzoek,cluster flightcase onderdelen,kistscharnier 203mm,Exact
CaseBuilder SEO-onderzoek,cluster flightcase onderdelen,kistscharnier 75mm,Exact
CaseBuilder SEO-onderzoek,cluster flightcase onderdelen,kleine overslagsluiting 2,Exact
CaseBuilder SEO-onderzoek,cluster flightcase onderdelen,koffer handgreep abs,Exact
CaseBuilder SEO-onderzoek,cluster flightcase onderdelen,koffer handgreep ergo,Exact
CaseBuilder SEO-onderzoek,cluster flightcase onderdelen,koffer handgreep medium,Exact
CaseBuilder SEO-onderzoek,cluster flightcase onderdelen,koffersluiting groot met slotoog,Exact
CaseBuilder SEO-onderzoek,cluster flightcase onderdelen,koffersluiting met slotoog,Exact
CaseBuilder SEO-onderzoek,cluster flightcase onderdelen,kooimoer 3mm slot,Exact
CaseBuilder SEO-onderzoek,cluster flightcase onderdelen,kooimoersetjes voor profiel 6135 10,Exact
CaseBuilder SEO-onderzoek,cluster flightcase onderdelen,ladekast 2he 19 inch met slot,Exact
CaseBuilder SEO-onderzoek,cluster flightcase onderdelen,ladekast 3he met slot 19 inch heavy duty,Exact
CaseBuilder SEO-onderzoek,cluster flightcase onderdelen,leren handgreep hd,Exact
CaseBuilder SEO-onderzoek,cluster flightcase onderdelen,lijm voor schuimplastic 2,Exact
CaseBuilder SEO-onderzoek,cluster flightcase onderdelen,luxe leren handgreep,Exact
CaseBuilder SEO-onderzoek,cluster flightcase onderdelen,luxe leren handgreep donker bruin,Exact
CaseBuilder SEO-onderzoek,cluster flightcase onderdelen,medium inbouw dekselstopper,Exact
CaseBuilder SEO-onderzoek,cluster flightcase onderdelen,medium inbouw dekselstopper met verzet,Exact
CaseBuilder SEO-onderzoek,cluster flightcase onderdelen,medium inbouw rotolock vlindersluiting,Exact
CaseBuilder SEO-onderzoek,cluster flightcase onderdelen,medium inbouw vlindersluiting automatic met verzet en slotoog,Exact
CaseBuilder SEO-onderzoek,cluster flightcase onderdelen,medium inbouw vlindersluiting automatisch,Exact
CaseBuilder SEO-onderzoek,cluster flightcase onderdelen,medium inbouw vlindersluiting automatisch en afsluitbaar,Exact
CaseBuilder SEO-onderzoek,cluster flightcase onderdelen,medium inbouw vlindersluiting automatisch met verzet,Exact
CaseBuilder SEO-onderzoek,cluster flightcase onderdelen,medium inbouw vlindersluiting met slotoog,Exact
CaseBuilder SEO-onderzoek,cluster flightcase onderdelen,medium inbouw vlindersluiting met verzet,Exact
CaseBuilder SEO-onderzoek,cluster flightcase onderdelen,medium opbouw vlindersluiting,Exact
CaseBuilder SEO-onderzoek,cluster flightcase onderdelen,mini inbouw vlindersluiting,Exact
CaseBuilder SEO-onderzoek,cluster flightcase onderdelen,mini inbouw vlindersluiting 2,Exact
CaseBuilder SEO-onderzoek,cluster flightcase onderdelen,mini opbouw vlindersluiting,Exact
CaseBuilder SEO-onderzoek,cluster flightcase onderdelen,multiplex berken hpl 9mm,Exact
CaseBuilder SEO-onderzoek,cluster flightcase onderdelen,nichiban gaffertape grijs 50mm,Exact
CaseBuilder SEO-onderzoek,cluster flightcase onderdelen,nichiban gaffertape wit 19mm,Exact
CaseBuilder SEO-onderzoek,cluster flightcase onderdelen,nichiban gaffertape zwart 50mm,Exact
CaseBuilder SEO-onderzoek,cluster flightcase onderdelen,onderlegring m6,Exact
CaseBuilder SEO-onderzoek,cluster flightcase onderdelen,onderlegring m6 vlak,Exact
CaseBuilder SEO-onderzoek,cluster flightcase onderdelen,opbouw handgreep hd,Exact
CaseBuilder SEO-onderzoek,cluster flightcase onderdelen,opbouw handgreep medium,Exact
CaseBuilder SEO-onderzoek,cluster flightcase onderdelen,opbouw handgreep medium rvs,Exact
CaseBuilder SEO-onderzoek,cluster flightcase onderdelen,opbouw handgreep met veer,Exact
CaseBuilder SEO-onderzoek,cluster flightcase onderdelen,opbouw handgreep small,Exact
CaseBuilder SEO-onderzoek,cluster flightcase onderdelen,opbouw slam lid sluiting met slot,Exact
CaseBuilder SEO-onderzoek,cluster flightcase onderdelen,opbouwhandgreep medium,Exact
CaseBuilder SEO-onderzoek,cluster flightcase onderdelen,overzethoek radius 5,Exact
CaseBuilder SEO-onderzoek,cluster flightcase onderdelen,paumelle scharnier 55mm,Exact
CaseBuilder SEO-onderzoek,cluster flightcase onderdelen,pianoscharnier 2m,Exact
CaseBuilder SEO-onderzoek,cluster flightcase onderdelen,platte hoek 37mm r2,Exact
CaseBuilder SEO-onderzoek,cluster flightcase onderdelen,platte hoek 37mm r5,Exact
CaseBuilder SEO-onderzoek,cluster flightcase onderdelen,platte hoek 62mm r5,Exact
CaseBuilder SEO-onderzoek,cluster flightcase onderdelen,platte hoek met voet 37mm r2,Exact
CaseBuilder SEO-onderzoek,cluster flightcase onderdelen,platte hoek met voet 37mm r5,Exact
CaseBuilder SEO-onderzoek,cluster flightcase onderdelen,popnagel gegroefd,Exact
CaseBuilder SEO-onderzoek,cluster flightcase onderdelen,popnageltang handbediend,Exact
CaseBuilder SEO-onderzoek,cluster flightcase onderdelen,professioneel 14u dubbel 19 inch rack 50 met it rackrails,Exact
CaseBuilder SEO-onderzoek,cluster flightcase onderdelen,profielkoffer met vakverdeling,Exact
CaseBuilder SEO-onderzoek,cluster flightcase onderdelen,rackprofiel dubbel 2m,Exact
CaseBuilder SEO-onderzoek,cluster flightcase onderdelen,rackprofiel enkel 2m,Exact
CaseBuilder SEO-onderzoek,cluster flightcase onderdelen,rackprofiel staal enkel,Exact
CaseBuilder SEO-onderzoek,cluster flightcase onderdelen,rakobak met bestickering van inhoudsopgave,Exact
CaseBuilder SEO-onderzoek,cluster flightcase onderdelen,rubber voetje met stalen ring,Exact
CaseBuilder SEO-onderzoek,cluster flightcase onderdelen,scharnier met vaste pen 50mm,Exact
CaseBuilder SEO-onderzoek,cluster flightcase onderdelen,scharnier met vaste pen 70mm,Exact
CaseBuilder SEO-onderzoek,cluster flightcase onderdelen,scharnier met vaste pin,Exact
CaseBuilder SEO-onderzoek,cluster flightcase onderdelen,schotel 1x euro chassisdeel,Exact
CaseBuilder SEO-onderzoek,cluster flightcase onderdelen,schotel 1x neutrik d type,Exact
CaseBuilder SEO-onderzoek,cluster flightcase onderdelen,schotel 2x neutrik d type,Exact
CaseBuilder SEO-onderzoek,cluster flightcase onderdelen,schotel 2x neutrik d type 2,Exact
CaseBuilder SEO-onderzoek,cluster flightcase onderdelen,schotel 4x neutrik,Exact
CaseBuilder SEO-onderzoek,cluster flightcase onderdelen,schotel 4x neutrik d type 2,Exact
CaseBuilder SEO-onderzoek,cluster flightcase onderdelen,schotel klein zwart d0946k,Exact
CaseBuilder SEO-onderzoek,cluster flightcase onderdelen,schotel neutrik,Exact
CaseBuilder SEO-onderzoek,cluster flightcase onderdelen,schotel neutrik d 2,Exact
CaseBuilder SEO-onderzoek,cluster flightcase onderdelen,schuiminterieur met lasergravering,Exact
CaseBuilder SEO-onderzoek,cluster flightcase onderdelen,schuimrubber inlay voor sennheiser spectera dad uhf,Exact
CaseBuilder SEO-onderzoek,cluster flightcase onderdelen,schuimrubber inlay voor sennheiser spectera sek uhf,Exact
CaseBuilder SEO-onderzoek,cluster flightcase onderdelen,schuine flightcase met lades voor 4 gitaren accessoires,Exact
CaseBuilder SEO-onderzoek,cluster flightcase onderdelen,set penn elcom kooimoeren m6x16 zwarte bouten kunststof ringen,Exact
CaseBuilder SEO-onderzoek,cluster flightcase onderdelen,slamsluiting,Exact
CaseBuilder SEO-onderzoek,cluster flightcase onderdelen,sleutel slamsluiting,Exact
CaseBuilder SEO-onderzoek,cluster flightcase onderdelen,sleutel voor t slot,Exact
CaseBuilder SEO-onderzoek,cluster flightcase onderdelen,sluitprofiel 10,Exact
CaseBuilder SEO-onderzoek,cluster flightcase onderdelen,stapelplaat female,Exact
CaseBuilder SEO-onderzoek,cluster flightcase onderdelen,stapelplaat female medium,Exact
CaseBuilder SEO-onderzoek,cluster flightcase onderdelen,stapelplaat male,Exact
CaseBuilder SEO-onderzoek,cluster flightcase onderdelen,stapelplaat male medium,Exact
CaseBuilder SEO-onderzoek,cluster flightcase onderdelen,stapelschotel voor wielen,Exact
CaseBuilder SEO-onderzoek,cluster flightcase onderdelen,stopscharnier groot hd,Exact
CaseBuilder SEO-onderzoek,cluster flightcase onderdelen,stopscharnier hd,Exact
CaseBuilder SEO-onderzoek,cluster flightcase onderdelen,straphandle zinken kap,Exact
CaseBuilder SEO-onderzoek,cluster flightcase onderdelen,straphandle zwarte kap,Exact
CaseBuilder SEO-onderzoek,cluster flightcase onderdelen,studio rack 10he rackschienen,Exact
CaseBuilder SEO-onderzoek,cluster flightcase onderdelen,studio rack 12he rackschienen,Exact
CaseBuilder SEO-onderzoek,cluster flightcase onderdelen,studio rack 14he rackschienen,Exact
CaseBuilder SEO-onderzoek,cluster flightcase onderdelen,studio rack 16he rackschienen,Exact
CaseBuilder SEO-onderzoek,cluster flightcase onderdelen,studio rack 18he rackschienen,Exact
CaseBuilder SEO-onderzoek,cluster flightcase onderdelen,studio rack 20he rackschienen,Exact
CaseBuilder SEO-onderzoek,cluster flightcase onderdelen,taperack 18he ah sq5,Exact
CaseBuilder SEO-onderzoek,cluster flightcase onderdelen,taperack yamaha dm7 compact doghouse,Exact
CaseBuilder SEO-onderzoek,cluster flightcase onderdelen,tente zwenkwiel met rem 100,Exact
CaseBuilder SEO-onderzoek,cluster flightcase onderdelen,transportkoffer voor trussconnectoren 48 96 en accessoires,Exact
CaseBuilder SEO-onderzoek,cluster flightcase onderdelen,u profiel 7mm,Exact
CaseBuilder SEO-onderzoek,cluster flightcase onderdelen,u profiel 9mm,Exact
CaseBuilder SEO-onderzoek,cluster flightcase onderdelen,ventilatieschotel dubbel louvre,Exact
CaseBuilder SEO-onderzoek,cluster flightcase onderdelen,ventilatieschotel gaas,Exact
CaseBuilder SEO-onderzoek,cluster flightcase onderdelen,ventilatieschotel louvre,Exact
CaseBuilder SEO-onderzoek,cluster flightcase onderdelen,ventilatieschotel louvre breed,Exact
CaseBuilder SEO-onderzoek,cluster flightcase onderdelen,vlakke wielschotel van staal,Exact
CaseBuilder SEO-onderzoek,cluster flightcase onderdelen,vlinderslot groot met verzet mol3,Exact
CaseBuilder SEO-onderzoek,cluster flightcase onderdelen,vlinderslot medium met verzet,Exact
CaseBuilder SEO-onderzoek,cluster flightcase onderdelen,wielschotel diep,Exact
CaseBuilder SEO-onderzoek,cluster flightcase onderdelen,wielschotel hol,Exact
CaseBuilder SEO-onderzoek,cluster flightcase onderdelen,wielschotel vlak met verzet,Exact
CaseBuilder SEO-onderzoek,cluster flightcase onderdelen,zwenkwiel 125mm met rem,Exact
CaseBuilder SEO-onderzoek,cluster flightcase onderdelen,zwenkwiel automatisch 100mm,Exact
CaseBuilder SEO-onderzoek,cluster flightcase onderdelen,zwenkwiel automatisch met rem 100mm,Exact
CaseBuilder SEO-onderzoek,cluster flightcase onderdelen,zwenkwiel met rem 80mm,Exact
CaseBuilder SEO-onderzoek,cluster schuiminterieur,interieur,Exact
CaseBuilder SEO-onderzoek,cluster schuiminterieur,schuim,Exact
CaseBuilder SEO-onderzoek,cluster schuiminterieur,foam inlay,Exact
CaseBuilder SEO-onderzoek,cluster schuiminterieur,plukschuim,Exact
CaseBuilder SEO-onderzoek,cluster schuiminterieur,maatwerk interieurs,Exact
CaseBuilder SEO-onderzoek,cluster schuiminterieur,schuiminterieur op maat,Exact
CaseBuilder SEO-onderzoek,cluster schuiminterieur,koffer met schuim,Exact
CaseBuilder SEO-onderzoek,cluster schuiminterieur,cleanroom foam,Exact
CaseBuilder SEO-onderzoek,cluster schuiminterieur,koffer met vakverdeling,Exact
CaseBuilder SEO-onderzoek,cluster schuiminterieur,schuimcoating,Exact
CaseBuilder SEO-onderzoek,cluster schuiminterieur,vacuumvormen,Exact
CaseBuilder SEO-onderzoek,cluster schuiminterieur,beschermkoffer met schuim,Exact
CaseBuilder SEO-onderzoek,cluster schuiminterieur,flightcase met vakverdeling,Exact
CaseBuilder SEO-onderzoek,cluster schuiminterieur,foamcoating,Exact
CaseBuilder SEO-onderzoek,cluster schuiminterieur,kunststof interieur,Exact
CaseBuilder SEO-onderzoek,cluster schuiminterieur,schuim interieur,Exact
CaseBuilder SEO-onderzoek,cluster schuiminterieur,met productinlay,Exact
CaseBuilder SEO-onderzoek,cluster schuiminterieur,opties voor schuiminterieur,Exact
CaseBuilder SEO-onderzoek,cluster schuiminterieur,schuiminlays,Exact
CaseBuilder SEO-onderzoek,cluster schuiminterieur,verpakking van schuim,Exact
CaseBuilder SEO-onderzoek,cluster schuiminterieur,alu map met geflockt interieur olympische medaille,Exact
CaseBuilder SEO-onderzoek,cluster schuiminterieur,cnc gefreesd bi color schuiminterieur,Exact
CaseBuilder SEO-onderzoek,cluster schuiminterieur,cnc gefreesd schuiminterieur cnc tools,Exact
CaseBuilder SEO-onderzoek,cluster schuiminterieur,cnc gefreesd schuiminterieur dental tools,Exact
CaseBuilder SEO-onderzoek,cluster schuiminterieur,cnc gefreesd schuiminterieur dremel,Exact
CaseBuilder SEO-onderzoek,cluster schuiminterieur,cnc gefreesd schuiminterieur in flightcase,Exact
CaseBuilder SEO-onderzoek,cluster schuiminterieur,cnc gefreesd schuiminterieur in pelicase,Exact
CaseBuilder SEO-onderzoek,cluster schuiminterieur,cnc gefreesd schuiminterieur knie protheses,Exact
CaseBuilder SEO-onderzoek,cluster schuiminterieur,eco inlay case,Exact
CaseBuilder SEO-onderzoek,cluster schuiminterieur,epp interieur,Exact
CaseBuilder SEO-onderzoek,cluster schuiminterieur,flex cut inlay,Exact
CaseBuilder SEO-onderzoek,cluster schuiminterieur,flightcase allenheat sq6 foam,Exact
CaseBuilder SEO-onderzoek,cluster schuiminterieur,flightcase allenheath sq5 foam,Exact
CaseBuilder SEO-onderzoek,cluster schuiminterieur,foamcoating medical matress,Exact
CaseBuilder SEO-onderzoek,cluster schuiminterieur,foamcoating set afschermdelen,Exact
CaseBuilder SEO-onderzoek,cluster schuiminterieur,foamcoating toolinlay,Exact
CaseBuilder SEO-onderzoek,cluster schuiminterieur,foamcoating voor clean verpakken,Exact
CaseBuilder SEO-onderzoek,cluster schuiminterieur,geflocked schuiminterieur geweerkoffer,Exact
CaseBuilder SEO-onderzoek,cluster schuiminterieur,geflocked schuiminterieur obango1,Exact
CaseBuilder SEO-onderzoek,cluster schuiminterieur,geflocked schuiminterieur olympische medaille,Exact
CaseBuilder SEO-onderzoek,cluster schuiminterieur,gepersonaliseerde schuiminlay nanuk cases,Exact
CaseBuilder SEO-onderzoek,cluster schuiminterieur,inlay 2x shure ua8,Exact
CaseBuilder SEO-onderzoek,cluster schuiminterieur,inlay 4x shure blx headset,Exact
CaseBuilder SEO-onderzoek,cluster schuiminterieur,inlay akg wms 40 mini dual vocal,Exact
CaseBuilder SEO-onderzoek,cluster schuiminterieur,inlay beyerdynamic tg500 2 4,Exact
CaseBuilder SEO-onderzoek,cluster schuiminterieur,inlay mipro act72 4 4,Exact
CaseBuilder SEO-onderzoek,cluster schuiminterieur,inlay sennheiser ew 100 g3 4g,Exact
CaseBuilder SEO-onderzoek,cluster schuiminterieur,inlay sennheiser ew d series 0 6,Exact
CaseBuilder SEO-onderzoek,cluster schuiminterieur,inlay sennheiser ew d series 2 2,Exact
CaseBuilder SEO-onderzoek,cluster schuiminterieur,inlay sennheiser ew d series 4 4,Exact
CaseBuilder SEO-onderzoek,cluster schuiminterieur,inlay sennheiser ew g3 g4 serie 0 6,Exact
CaseBuilder SEO-onderzoek,cluster schuiminterieur,inlay sennheiser ew g3 g4 serie 2 2,Exact
CaseBuilder SEO-onderzoek,cluster schuiminterieur,inlay sennheiser ew g3 g4 serie 4 4,Exact
CaseBuilder SEO-onderzoek,cluster schuiminterieur,inlay sennheiser ew g3 g4 serie 8 8,Exact
CaseBuilder SEO-onderzoek,cluster schuiminterieur,inlay sennheiser ew g3g4 serie 6 0,Exact
CaseBuilder SEO-onderzoek,cluster schuiminterieur,inlay shure glxd 4 4,Exact
CaseBuilder SEO-onderzoek,cluster schuiminterieur,inlay shure psm series 8 8,Exact
CaseBuilder SEO-onderzoek,cluster schuiminterieur,inlay shure qlxd 2 2,Exact
CaseBuilder SEO-onderzoek,cluster schuiminterieur,inlay shure qlxd 4 4,Exact
CaseBuilder SEO-onderzoek,cluster schuiminterieur,inlay shure slxd 2 2,Exact
CaseBuilder SEO-onderzoek,cluster schuiminterieur,inlay shure slxd 4 4,Exact
CaseBuilder SEO-onderzoek,cluster schuiminterieur,inlay universal pockettransmitter 0 12,Exact
CaseBuilder SEO-onderzoek,cluster schuiminterieur,interieur vakverdelers,Exact
CaseBuilder SEO-onderzoek,cluster schuiminterieur,ld45 schuiminterieur in flightcase,Exact
CaseBuilder SEO-onderzoek,cluster schuiminterieur,ld45 schuiminterieur in rakobak,Exact
CaseBuilder SEO-onderzoek,cluster schuiminterieur,live inlay case,Exact
CaseBuilder SEO-onderzoek,cluster schuiminterieur,nanuk 908 met inlay voor catchbox,Exact
CaseBuilder SEO-onderzoek,cluster schuiminterieur,peli protective case met vakverdeling cases,Exact
CaseBuilder SEO-onderzoek,cluster schuiminterieur,pelicase met foamcoating thumbscanner,Exact
CaseBuilder SEO-onderzoek,cluster schuiminterieur,schuiminlay sennheiser microfoons ew,Exact
CaseBuilder SEO-onderzoek,cluster schuiminterieur,schuiminlay sennheiser microfoons ew series 2,Exact
CaseBuilder SEO-onderzoek,cluster schuiminterieur,schuiminlay shure microfoons,Exact
CaseBuilder SEO-onderzoek,cluster schuiminterieur,schuiminterieur met labeling,Exact
CaseBuilder SEO-onderzoek,cluster schuiminterieur,second skin klittenverdeling,Exact
CaseBuilder SEO-onderzoek,cluster schuiminterieur,universele kammenverdeling,Exact
CaseBuilder SEO-onderzoek,cluster schuiminterieur,vacuum gevormd interieur,Exact
CaseBuilder SEO-onderzoek,cluster schuiminterieur,vacuum gevormd interieur blauw geflocked,Exact
CaseBuilder SEO-onderzoek,cluster schuiminterieur,waterstraalgesneden schuiminterieurs,Exact
CaseBuilder SEO-onderzoek,cluster industriële verpakking,pallets,Exact
CaseBuilder SEO-onderzoek,cluster industriële verpakking,industriële verpakking,Exact
CaseBuilder SEO-onderzoek,cluster industriële verpakking,kartonnen verpakkingen,Exact
CaseBuilder SEO-onderzoek,cluster industriële verpakking,cleanroom verpakking,Exact
CaseBuilder SEO-onderzoek,cluster industriële verpakking,houten transportkist,Exact
CaseBuilder SEO-onderzoek,cluster industriële verpakking,maatwerk verpakkingen,Exact
CaseBuilder SEO-onderzoek,cluster industriële verpakking,karton op maat,Exact
CaseBuilder SEO-onderzoek,cluster industriële verpakking,standaard karton,Exact
CaseBuilder SEO-onderzoek,cluster industriële verpakking,transportverpakking op maat,Exact
CaseBuilder SEO-onderzoek,cluster industriële verpakking,alle cleamroom verpakkingen,Exact
CaseBuilder SEO-onderzoek,cluster industriële verpakking,cleanroom verpakkingen,Exact
CaseBuilder SEO-onderzoek,cluster industriële verpakking,stofarme verpakkingsoplossingen,Exact
CaseBuilder SEO-onderzoek,cluster industriële verpakking,totaal ontzorgen,Exact
CaseBuilder SEO-onderzoek,cluster industriële verpakking,gebruikt karton,Exact
CaseBuilder SEO-onderzoek,cluster industriële verpakking,karton specials,Exact
CaseBuilder SEO-onderzoek,cluster industriële verpakking,stofarme verpakkingen,Exact
CaseBuilder SEO-onderzoek,cluster industriële verpakking,van productie tot cleanroom verpakking,Exact
CaseBuilder SEO-onderzoek,cluster schermkisten,beamer flightcase,Exact
CaseBuilder SEO-onderzoek,cluster schermkisten,monitor flightcase,Exact
CaseBuilder SEO-onderzoek,cluster schermkisten,tv flightcase,Exact
CaseBuilder SEO-onderzoek,cluster schermkisten,flightcase televisie,Exact
CaseBuilder SEO-onderzoek,cluster schermkisten,schermkist,Exact
CaseBuilder SEO-onderzoek,cluster schermkisten,flightcase display staender,Exact
CaseBuilder SEO-onderzoek,cluster schermkisten,flightcase displays monitore,Exact
CaseBuilder SEO-onderzoek,cluster schermkisten,schermkisten,Exact
CaseBuilder SEO-onderzoek,cluster schermkisten,behuizing met een deur 27 inch display,Exact
CaseBuilder SEO-onderzoek,cluster schermkisten,borstkoffer voor 8x km 11900 akoestische monitorschermen,Exact
CaseBuilder SEO-onderzoek,cluster schermkisten,case 2x clavia nord piano monitor v2,Exact
CaseBuilder SEO-onderzoek,cluster schermkisten,case samsung signage flipcharts lh55wm,Exact
CaseBuilder SEO-onderzoek,cluster schermkisten,case vava 4k uhd laser tv beamer,Exact
CaseBuilder SEO-onderzoek,cluster schermkisten,dell u4919dw 49 curved monitor borstkoffer,Exact
CaseBuilder SEO-onderzoek,cluster schermkisten,display case 32 teleprompter 45,Exact
CaseBuilder SEO-onderzoek,cluster schermkisten,display case auf rollen samsung 43 zoll 4 in 1,Exact
CaseBuilder SEO-onderzoek,cluster schermkisten,display case lg 43uh610v,Exact
CaseBuilder SEO-onderzoek,cluster schermkisten,display case samsung ue43mu6179uxzg rg,Exact
CaseBuilder SEO-onderzoek,cluster schermkisten,display case samsung ue70ru7099u,Exact
CaseBuilder SEO-onderzoek,cluster schermkisten,display multi case 46 3 in 1,Exact
CaseBuilder SEO-onderzoek,cluster schermkisten,display multi case 70 2in 1 wheel,Exact
CaseBuilder SEO-onderzoek,cluster schermkisten,display multi case 75,Exact
CaseBuilder SEO-onderzoek,cluster schermkisten,display multi case 75 100 rg 2in1,Exact
CaseBuilder SEO-onderzoek,cluster schermkisten,display multi case bk 75 100,Exact
CaseBuilder SEO-onderzoek,cluster schermkisten,display multi case variabel bis 55 1in1,Exact
CaseBuilder SEO-onderzoek,cluster schermkisten,flexibele transportkoffer geschikt voor een display van 75 100 inch,Exact
CaseBuilder SEO-onderzoek,cluster schermkisten,flightcase 11 he 1x uitschuif werkblad en monitor systeem,Exact
CaseBuilder SEO-onderzoek,cluster schermkisten,flightcase 2x samsung flip 2 wm55r,Exact
CaseBuilder SEO-onderzoek,cluster schermkisten,flightcase adapter monitor mount,Exact
CaseBuilder SEO-onderzoek,cluster schermkisten,flightcase audipack 390771 displaystaender,Exact
CaseBuilder SEO-onderzoek,cluster schermkisten,flightcase beschermkap voor 2x db audiotechnik m4 monitoren,Exact
CaseBuilder SEO-onderzoek,cluster schermkisten,flightcase beschermkap voor 2x db audiotechnik m4 monitoren 2,Exact
CaseBuilder SEO-onderzoek,cluster schermkisten,flightcase db m4 monitor,Exact
CaseBuilder SEO-onderzoek,cluster schermkisten,flightcase db max monitor,Exact
CaseBuilder SEO-onderzoek,cluster schermkisten,flightcase grand ma 3 on pc 24 monitor,Exact
CaseBuilder SEO-onderzoek,cluster schermkisten,flightcase lg bu50nst probeam,Exact
CaseBuilder SEO-onderzoek,cluster schermkisten,flightcase lift 65 inch scherm,Exact
CaseBuilder SEO-onderzoek,cluster schermkisten,flightcase lift 75 inch scherm,Exact
CaseBuilder SEO-onderzoek,cluster schermkisten,flightcase lift 86 inch scherm,Exact
CaseBuilder SEO-onderzoek,cluster schermkisten,flightcase lift 98 inch scherm,Exact
CaseBuilder SEO-onderzoek,cluster schermkisten,flightcase ma onpc command wing monitor,Exact
CaseBuilder SEO-onderzoek,cluster schermkisten,flightcase ma onpc command wing monitor 3he,Exact
CaseBuilder SEO-onderzoek,cluster schermkisten,flightcase nec beamer pa803u,Exact
CaseBuilder SEO-onderzoek,cluster schermkisten,flightcase nec pa622u,Exact
CaseBuilder SEO-onderzoek,cluster schermkisten,flightcase pro line panasonic pt mz862 projector lens,Exact
CaseBuilder SEO-onderzoek,cluster schermkisten,flightcase rq monitor module 2he,Exact
CaseBuilder SEO-onderzoek,cluster schermkisten,flightcase samsung qm43c,Exact
CaseBuilder SEO-onderzoek,cluster schermkisten,flightcase samsung qm43r,Exact
CaseBuilder SEO-onderzoek,cluster schermkisten,flightcase samsung qmr serie 32,Exact
CaseBuilder SEO-onderzoek,cluster schermkisten,flightcase vivitek beamer,Exact
CaseBuilder SEO-onderzoek,cluster schermkisten,flightcase voor 3x dell u3219q monitoren gedemonteerd,Exact
CaseBuilder SEO-onderzoek,cluster schermkisten,gedeelde beschermhoes voor hp color laserjet printer mfp e87650du,Exact
CaseBuilder SEO-onderzoek,cluster schermkisten,hoekbehuizing ma lighting grandma3 onpc command wing 27 monitor,Exact
CaseBuilder SEO-onderzoek,cluster schermkisten,hoes voor ergo xs efk6200z elektrische monitorstandaard 65 tv,Exact
CaseBuilder SEO-onderzoek,cluster schermkisten,koffer touch monitor max,Exact
CaseBuilder SEO-onderzoek,cluster schermkisten,l case chamsys magicq pc wing compact connect 24 display,Exact
CaseBuilder SEO-onderzoek,cluster schermkisten,l case chamsys magicq pc wing compact display,Exact
CaseBuilder SEO-onderzoek,cluster schermkisten,lg smart tv 55 inch lb630v borsthoes,Exact
CaseBuilder SEO-onderzoek,cluster schermkisten,nec 984q flightcase,Exact
CaseBuilder SEO-onderzoek,cluster schermkisten,office workstation case display bracket 824,Exact
CaseBuilder SEO-onderzoek,cluster schermkisten,profi display case auf rollen samsung ue75f6370 2in1,Exact
CaseBuilder SEO-onderzoek,cluster schermkisten,profi display case color on wheels,Exact
CaseBuilder SEO-onderzoek,cluster schermkisten,profi flightcase lg 65uk6300 2in1 rg,Exact
CaseBuilder SEO-onderzoek,cluster schermkisten,profi transportcase nec x554unv 4in1 rg,Exact
CaseBuilder SEO-onderzoek,cluster schermkisten,ramp case voor tecmashin dks led69 55 inch display,Exact
CaseBuilder SEO-onderzoek,cluster schermkisten,rcf art 710 a mk2 mk4 2 in 1 beschermhoes,Exact
CaseBuilder SEO-onderzoek,cluster schermkisten,schermenlift kist 55 75 inch,Exact
CaseBuilder SEO-onderzoek,cluster schermkisten,single door display case 24,Exact
CaseBuilder SEO-onderzoek,cluster schermkisten,teleprompter monitorcase voor beetronics 24hd7m liggend formaat,Exact
CaseBuilder SEO-onderzoek,cluster schermkisten,transportcase 5x laptop 5x monitor,Exact
CaseBuilder SEO-onderzoek,cluster schermkisten,transportcase auf rollen samsung ue48j6250su 2,Exact
CaseBuilder SEO-onderzoek,cluster schermkisten,transportkoffer samsung 24 zoll s24e650pl,Exact
CaseBuilder SEO-onderzoek,cluster schermkisten,winkelcase ma on pc commandwingfaderwing monitorbruecke,Exact
CaseBuilder SEO-onderzoek,cluster mixercases,flightcase mengpaneel,Exact
CaseBuilder SEO-onderzoek,cluster mixercases,mixer flightcase,Exact
CaseBuilder SEO-onderzoek,cluster mixercases,mixercase,Exact
CaseBuilder SEO-onderzoek,cluster mixercases,flightcase regie,Exact
CaseBuilder SEO-onderzoek,cluster mixercases,flightcase midas m32,Exact
CaseBuilder SEO-onderzoek,cluster mixercases,case behringer x32,Exact
CaseBuilder SEO-onderzoek,cluster mixercases,flightcase behringer wing,Exact
CaseBuilder SEO-onderzoek,cluster mixercases,flightcase midas venice 240,Exact
CaseBuilder SEO-onderzoek,cluster mixercases,flightcase yamaha dm3,Exact
CaseBuilder SEO-onderzoek,cluster mixercases,tiltcase,Exact
CaseBuilder SEO-onderzoek,cluster mixercases,flightcase allen heath,Exact
CaseBuilder SEO-onderzoek,cluster mixercases,flightcase avid,Exact
CaseBuilder SEO-onderzoek,cluster mixercases,flightcase chamsys,Exact
CaseBuilder SEO-onderzoek,cluster mixercases,flightcase digico,Exact
CaseBuilder SEO-onderzoek,cluster mixercases,flightcase elation lichtmischpulte,Exact
CaseBuilder SEO-onderzoek,cluster mixercases,flightcase etc lichtmischpulte,Exact
CaseBuilder SEO-onderzoek,cluster mixercases,flightcase high end systems lichtmischpulte,Exact
CaseBuilder SEO-onderzoek,cluster mixercases,flightcase lichtmischpulte,Exact
CaseBuilder SEO-onderzoek,cluster mixercases,flightcase ma lighting,Exact
CaseBuilder SEO-onderzoek,cluster mixercases,flightcase midas,Exact
CaseBuilder SEO-onderzoek,cluster mixercases,flightcase soundcraft,Exact
CaseBuilder SEO-onderzoek,cluster mixercases,mixercase tiltcase,Exact
CaseBuilder SEO-onderzoek,cluster mixercases,flightcase yamaha dm7,Exact
CaseBuilder SEO-onderzoek,cluster mixercases,12he l rack 73 soundcraft signature 22,Exact
CaseBuilder SEO-onderzoek,cluster mixercases,15he l case soundcraft si impact,Exact
CaseBuilder SEO-onderzoek,cluster mixercases,17he triple door rack midas m32r,Exact
CaseBuilder SEO-onderzoek,cluster mixercases,allen heath qu 5 5d mixer behuizing,Exact
CaseBuilder SEO-onderzoek,cluster mixercases,allen heath qu 6 6d mixer behuizing,Exact
CaseBuilder SEO-onderzoek,cluster mixercases,allen heath qu 7 7d mixer behuizing,Exact
CaseBuilder SEO-onderzoek,cluster mixercases,allen heath sq 5 sq 5 mixer flightcase kleur abk,Exact
CaseBuilder SEO-onderzoek,cluster mixercases,allen heath sq 7 mixerkoffer met dockhouse,Exact
CaseBuilder SEO-onderzoek,cluster mixercases,allen heath sq 7 sq 7 mixer flightcase,Exact
CaseBuilder SEO-onderzoek,cluster mixercases,allen heath sq5 rack versie,Exact
CaseBuilder SEO-onderzoek,cluster mixercases,allen heath xone 24 mixerkoffer,Exact
CaseBuilder SEO-onderzoek,cluster mixercases,case behringer x air xr16,Exact
CaseBuilder SEO-onderzoek,cluster mixercases,case behringer xenyx x2442 usb,Exact
CaseBuilder SEO-onderzoek,cluster mixercases,case digico s21 wheel,Exact
CaseBuilder SEO-onderzoek,cluster mixercases,case grandma2 on pc commandwing faderwing,Exact
CaseBuilder SEO-onderzoek,cluster mixercases,case grandma3 on pc command wing xtprolite,Exact
CaseBuilder SEO-onderzoek,cluster mixercases,case grandma3 onpc commandwing faderwing,Exact
CaseBuilder SEO-onderzoek,cluster mixercases,case ma grandma 1 ultra light wheel,Exact
CaseBuilder SEO-onderzoek,cluster mixercases,case skaarhoj ptz pro mixer,Exact
CaseBuilder SEO-onderzoek,cluster mixercases,digico quantum 112 digitale mixer behuizing,Exact
CaseBuilder SEO-onderzoek,cluster mixercases,ecler nuo 4 nuo 5 mixerkoffer,Exact
CaseBuilder SEO-onderzoek,cluster mixercases,flightcase 19 inch topmount 19 inch mixer,Exact
CaseBuilder SEO-onderzoek,cluster mixercases,flightcase 3 delig met doghouse allenheath sq5,Exact
CaseBuilder SEO-onderzoek,cluster mixercases,flightcase 3 delig met doghouse allenheath sq6,Exact
CaseBuilder SEO-onderzoek,cluster mixercases,flightcase ah sq 5,Exact
CaseBuilder SEO-onderzoek,cluster mixercases,flightcase ah sq 5 2,Exact
CaseBuilder SEO-onderzoek,cluster mixercases,flightcase ah sq 7 wheel,Exact
CaseBuilder SEO-onderzoek,cluster mixercases,flightcase ah sq7,Exact
CaseBuilder SEO-onderzoek,cluster mixercases,flightcase allen heath avantis solo,Exact
CaseBuilder SEO-onderzoek,cluster mixercases,flightcase allen heath c1500,Exact
CaseBuilder SEO-onderzoek,cluster mixercases,flightcase allen heath c2500,Exact
CaseBuilder SEO-onderzoek,cluster mixercases,flightcase allen heath gld 112,Exact
CaseBuilder SEO-onderzoek,cluster mixercases,flightcase allen heath sq 6,Exact
CaseBuilder SEO-onderzoek,cluster mixercases,flightcase allen heath sq6 met doghouse,Exact
CaseBuilder SEO-onderzoek,cluster mixercases,flightcase allen heath xone 92 pb,Exact
CaseBuilder SEO-onderzoek,cluster mixercases,flightcase allen heath zedi 10,Exact
CaseBuilder SEO-onderzoek,cluster mixercases,flightcase allenheath sq5 met doghouse,Exact
CaseBuilder SEO-onderzoek,cluster mixercases,flightcase avid pro tools s3,Exact
CaseBuilder SEO-onderzoek,cluster mixercases,flightcase avid s1 kk,Exact
CaseBuilder SEO-onderzoek,cluster mixercases,flightcase avid venue s6l,Exact
CaseBuilder SEO-onderzoek,cluster mixercases,flightcase avid venue s6l 24c,Exact
CaseBuilder SEO-onderzoek,cluster mixercases,flightcase behringer flow 8 kk,Exact
CaseBuilder SEO-onderzoek,cluster mixercases,flightcase behringer monopoly,Exact
CaseBuilder SEO-onderzoek,cluster mixercases,flightcase behringer ms 1 ms 101,Exact
CaseBuilder SEO-onderzoek,cluster mixercases,flightcase behringer poly,Exact
CaseBuilder SEO-onderzoek,cluster mixercases,flightcase behringer wing wheel,Exact
CaseBuilder SEO-onderzoek,cluster mixercases,flightcase chamsys magicq compact connect,Exact
CaseBuilder SEO-onderzoek,cluster mixercases,flightcase chamsys magicq mq250m stadium,Exact
CaseBuilder SEO-onderzoek,cluster mixercases,flightcase chamsys magicq mq60,Exact
CaseBuilder SEO-onderzoek,cluster mixercases,flightcase chamsys magicq mq70,Exact
CaseBuilder SEO-onderzoek,cluster mixercases,flightcase chamsys quickq 20 pb,Exact
CaseBuilder SEO-onderzoek,cluster mixercases,flightcase digico quantum 112 digi3tlg,Exact
CaseBuilder SEO-onderzoek,cluster mixercases,flightcase digico s 21 rg kk bk,Exact
CaseBuilder SEO-onderzoek,cluster mixercases,flightcase digico s31 bk,Exact
CaseBuilder SEO-onderzoek,cluster mixercases,flightcase digico sd 8 3tlg,Exact
CaseBuilder SEO-onderzoek,cluster mixercases,flightcase digico sd 8 3tlg 2,Exact
CaseBuilder SEO-onderzoek,cluster mixercases,flightcase digico sd 9,Exact
CaseBuilder SEO-onderzoek,cluster mixercases,flightcase digico stagebox a168 i o,Exact
CaseBuilder SEO-onderzoek,cluster mixercases,flightcase grandma3 command wing,Exact
CaseBuilder SEO-onderzoek,cluster mixercases,flightcase grandma3 extension,Exact
CaseBuilder SEO-onderzoek,cluster mixercases,flightcase grandma3 onpc fader wing,Exact
CaseBuilder SEO-onderzoek,cluster mixercases,flightcase m a lighting grandma2 light,Exact
CaseBuilder SEO-onderzoek,cluster mixercases,flightcase ma grandma3 fader wing,Exact
CaseBuilder SEO-onderzoek,cluster mixercases,flightcase midas dm16,Exact
CaseBuilder SEO-onderzoek,cluster mixercases,flightcase midas hd 96 uitneembaar,Exact
CaseBuilder SEO-onderzoek,cluster mixercases,flightcase midas hd96,Exact
CaseBuilder SEO-onderzoek,cluster mixercases,flightcase midas m32 r,Exact
CaseBuilder SEO-onderzoek,cluster mixercases,flightcase midas pro 1,Exact
CaseBuilder SEO-onderzoek,cluster mixercases,flightcase midas pro 2c,Exact
CaseBuilder SEO-onderzoek,cluster mixercases,flightcase midas venice f 24,Exact
CaseBuilder SEO-onderzoek,cluster mixercases,flightcase midas venice u 16,Exact
CaseBuilder SEO-onderzoek,cluster mixercases,flightcase pvc spezial behringer ub xa,Exact
CaseBuilder SEO-onderzoek,cluster mixercases,flightcase soundcraft notepad 12fx,Exact
CaseBuilder SEO-onderzoek,cluster mixercases,flightcase soundcraft si impact,Exact
CaseBuilder SEO-onderzoek,cluster mixercases,flightcase soundcraft si performer,Exact
CaseBuilder SEO-onderzoek,cluster mixercases,flightcase soundcraft vi 1,Exact
CaseBuilder SEO-onderzoek,cluster mixercases,flightcase soundcraft vi 1000,Exact
CaseBuilder SEO-onderzoek,cluster mixercases,flightcase soundcraft vi 3000,Exact
CaseBuilder SEO-onderzoek,cluster mixercases,flightcase soundcraft vi 6,Exact
CaseBuilder SEO-onderzoek,cluster mixercases,flightcase voor allen heath sq 5 sq 5 met dockhouse,Exact
CaseBuilder SEO-onderzoek,cluster mixercases,flightcase workstation m a grandma on pc commandwing,Exact
CaseBuilder SEO-onderzoek,cluster mixercases,flightcase workstation m a grandma3 onpc commandwing faderwing3 rg,Exact
CaseBuilder SEO-onderzoek,cluster mixercases,flightcase workstation ma grandma3 compact xt,Exact
CaseBuilder SEO-onderzoek,cluster mixercases,flightcase yamaha cl 1,Exact
CaseBuilder SEO-onderzoek,cluster mixercases,flightcase yamaha cl 5 3tlg,Exact
CaseBuilder SEO-onderzoek,cluster mixercases,flightcase yamaha dm 1000,Exact
CaseBuilder SEO-onderzoek,cluster mixercases,flightcase yamaha dm7 2,Exact
CaseBuilder SEO-onderzoek,cluster mixercases,flightcase yamaha dm7 compact controller 3tlg 2,Exact
CaseBuilder SEO-onderzoek,cluster mixercases,flightcase yamaha dm7 controller,Exact
CaseBuilder SEO-onderzoek,cluster mixercases,flightcase yamaha dm7 controller neu,Exact
CaseBuilder SEO-onderzoek,cluster mixercases,flightcase yamaha dm7extender,Exact
CaseBuilder SEO-onderzoek,cluster mixercases,flightcase yamaha ql 1,Exact
CaseBuilder SEO-onderzoek,cluster mixercases,flightcase yamaha ql1 wheel,Exact
CaseBuilder SEO-onderzoek,cluster mixercases,flip case behringer wing compact wanne bk,Exact
CaseBuilder SEO-onderzoek,cluster mixercases,flip case flex yamaha dm7 ex bk,Exact
CaseBuilder SEO-onderzoek,cluster mixercases,flip case heavy hub lift voor yamaha dm7 verlenging,Exact
CaseBuilder SEO-onderzoek,cluster mixercases,flip case heavy met lift lift yamaha dm7,Exact
CaseBuilder SEO-onderzoek,cluster mixercases,flip case yamaha dm7 bk,Exact
CaseBuilder SEO-onderzoek,cluster mixercases,flip down case ah dlive c1500,Exact
CaseBuilder SEO-onderzoek,cluster mixercases,flip down case ah dlive c3500,Exact
CaseBuilder SEO-onderzoek,cluster mixercases,flip down case ah dlive s5000,Exact
CaseBuilder SEO-onderzoek,cluster mixercases,flip down case allen heath avantis,Exact
CaseBuilder SEO-onderzoek,cluster mixercases,flip down case allen heath sq 7,Exact
CaseBuilder SEO-onderzoek,cluster mixercases,flip down case behringer wing v2,Exact
CaseBuilder SEO-onderzoek,cluster mixercases,flip down case digico quantum 225,Exact
CaseBuilder SEO-onderzoek,cluster mixercases,flip down case digico s21,Exact
CaseBuilder SEO-onderzoek,cluster mixercases,flip down case digico sd9,Exact
CaseBuilder SEO-onderzoek,cluster mixercases,flip down case flex ah dlive c2500,Exact
CaseBuilder SEO-onderzoek,cluster mixercases,flip down case midas m32,Exact
CaseBuilder SEO-onderzoek,cluster mixercases,flip down case midas pro 1,Exact
CaseBuilder SEO-onderzoek,cluster mixercases,flip down case midas pro 2 cc tp,Exact
CaseBuilder SEO-onderzoek,cluster mixercases,flip down case midas pro 2c,Exact
CaseBuilder SEO-onderzoek,cluster mixercases,flip tiltcase grand ma 3 full sized uitneembaar,Exact
CaseBuilder SEO-onderzoek,cluster mixercases,flipcase behringer x32 mixer,Exact
CaseBuilder SEO-onderzoek,cluster mixercases,flipcase met hublift voor grandma3 light,Exact
CaseBuilder SEO-onderzoek,cluster mixercases,heavy flip case ah dlive s7000,Exact
CaseBuilder SEO-onderzoek,cluster mixercases,heavy flip case allen heath avantis solo,Exact
CaseBuilder SEO-onderzoek,cluster mixercases,heavy flip down case yamaha ql 1,Exact
CaseBuilder SEO-onderzoek,cluster mixercases,heavy roadcase ah dlive s7000,Exact
CaseBuilder SEO-onderzoek,cluster mixercases,hoekbehuizing grandma3 on pc command wing,Exact
CaseBuilder SEO-onderzoek,cluster mixercases,kapbehuizing chamsys magicq compact wing,Exact
CaseBuilder SEO-onderzoek,cluster mixercases,kapbehuizing chamsys magicq mini connect,Exact
CaseBuilder SEO-onderzoek,cluster mixercases,kapkoffer chamsys magicq mq 50 70 compact wing,Exact
CaseBuilder SEO-onderzoek,cluster mixercases,keyboardhoes special 61 behringer wave hybrid synthesizer,Exact
CaseBuilder SEO-onderzoek,cluster mixercases,keyboardkoffer special 61 pvc behringer jn 80,Exact
CaseBuilder SEO-onderzoek,cluster mixercases,koffer behringer powerplay p16hq m p16mb houderplaat 5in1 p16d,Exact
CaseBuilder SEO-onderzoek,cluster mixercases,l case bk ah dlive c1500 wheel,Exact
CaseBuilder SEO-onderzoek,cluster mixercases,l case chamsys magicq pc wing,Exact
CaseBuilder SEO-onderzoek,cluster mixercases,l case grandma3 on pc command wingonpc 2,Exact
CaseBuilder SEO-onderzoek,cluster mixercases,l rack 12u midas m32r,Exact
CaseBuilder SEO-onderzoek,cluster mixercases,l rack 15u soundcraft si impact,Exact
CaseBuilder SEO-onderzoek,cluster mixercases,l rack 16u midas m32r wheel,Exact
CaseBuilder SEO-onderzoek,cluster mixercases,lrack 6u midas m32r wheel,Exact
CaseBuilder SEO-onderzoek,cluster mixercases,mackie onyx 24 mixerkoffer,Exact
CaseBuilder SEO-onderzoek,cluster mixercases,mackie profx10 go mixerkoffer,Exact
CaseBuilder SEO-onderzoek,cluster mixercases,mixer case yamaha mg124 c cx,Exact
CaseBuilder SEO-onderzoek,cluster mixercases,mixercase ah qu 24,Exact
CaseBuilder SEO-onderzoek,cluster mixercases,mixercase ah sq 6 dockhouse rollen,Exact
CaseBuilder SEO-onderzoek,cluster mixercases,mixercase ah sq 6 dockhouse rollen phenol,Exact
CaseBuilder SEO-onderzoek,cluster mixercases,mixercase allen heath avantis,Exact
CaseBuilder SEO-onderzoek,cluster mixercases,mixercase alto live 802 kk,Exact
CaseBuilder SEO-onderzoek,cluster mixercases,mixercase behringer wing,Exact
CaseBuilder SEO-onderzoek,cluster mixercases,mixercase behringer x 32,Exact
CaseBuilder SEO-onderzoek,cluster mixercases,mixercase chamsys quickq 20,Exact
CaseBuilder SEO-onderzoek,cluster mixercases,mixercase dynacord powermate 1000 3,Exact
CaseBuilder SEO-onderzoek,cluster mixercases,mixercase dynacord powermate 2200 3,Exact
CaseBuilder SEO-onderzoek,cluster mixercases,mixercase ecler nuo 2 0,Exact
CaseBuilder SEO-onderzoek,cluster mixercases,mixercase ecler warm 2 pb,Exact
CaseBuilder SEO-onderzoek,cluster mixercases,mixercase mackie 1202 vlz4 kk,Exact
CaseBuilder SEO-onderzoek,cluster mixercases,mixercase mackie pro fx 10v3,Exact
CaseBuilder SEO-onderzoek,cluster mixercases,mixercase mackie pro fx 12v3,Exact
CaseBuilder SEO-onderzoek,cluster mixercases,mixercase mackie pro fx 16v3,Exact
CaseBuilder SEO-onderzoek,cluster mixercases,mixercase mackie pro fx 22v3,Exact
CaseBuilder SEO-onderzoek,cluster mixercases,mixercase midas m 32r,Exact
CaseBuilder SEO-onderzoek,cluster mixercases,mixercase midas m 32r 2,Exact
CaseBuilder SEO-onderzoek,cluster mixercases,mixercase midas m32r,Exact
CaseBuilder SEO-onderzoek,cluster mixercases,mixercase pioneer djm 900 nxs 2 kk 10cm,Exact
CaseBuilder SEO-onderzoek,cluster mixercases,mixercase pioneer djm 900 nxs2,Exact
CaseBuilder SEO-onderzoek,cluster mixercases,mixercase play differently model 1,Exact
CaseBuilder SEO-onderzoek,cluster mixercases,mixercase qsc touchmix 30,Exact
CaseBuilder SEO-onderzoek,cluster mixercases,mixercase rcf e16,Exact
CaseBuilder SEO-onderzoek,cluster mixercases,mixercase rcf f 10xr,Exact
CaseBuilder SEO-onderzoek,cluster mixercases,mixercase roland dj 707m,Exact
CaseBuilder SEO-onderzoek,cluster mixercases,mixercase soundcraft signature 10,Exact
CaseBuilder SEO-onderzoek,cluster mixercases,mixercase soundcraft signature 12,Exact
CaseBuilder SEO-onderzoek,cluster mixercases,mixercase soundcraft spirit folio fx 16 erste version,Exact
CaseBuilder SEO-onderzoek,cluster mixercases,mixercase soundcraft vi3000,Exact
CaseBuilder SEO-onderzoek,cluster mixercases,mixercase tascam model 12,Exact
CaseBuilder SEO-onderzoek,cluster mixercases,mixercase tascam model 16,Exact
CaseBuilder SEO-onderzoek,cluster mixercases,mixercase tascam model 16 2,Exact
CaseBuilder SEO-onderzoek,cluster mixercases,mixercase voor soundcraft ui24r stagebox zonder adapterplaten,Exact
CaseBuilder SEO-onderzoek,cluster mixercases,mixercase work ls 1 lightshark,Exact
CaseBuilder SEO-onderzoek,cluster mixercases,mixercase yamaha dm3,Exact
CaseBuilder SEO-onderzoek,cluster mixercases,mixercase yamaha mg 10 10 xuf kk,Exact
CaseBuilder SEO-onderzoek,cluster mixercases,mixercase yamaha mg 12xu flap,Exact
CaseBuilder SEO-onderzoek,cluster mixercases,mixercase yamaha mg 16xu mg 20xu,Exact
CaseBuilder SEO-onderzoek,cluster mixercases,mixercase zoom livetrak l 8,Exact
CaseBuilder SEO-onderzoek,cluster mixercases,mixercase zoom r8 kk,Exact
CaseBuilder SEO-onderzoek,cluster mixercases,mixerkoffer voor alphatheta djm v5,Exact
CaseBuilder SEO-onderzoek,cluster mixercases,mixerkoffer voor yamaha mgx 12 12v,Exact
CaseBuilder SEO-onderzoek,cluster mixercases,mixerkoffer voor yamaha mgx 16 16v digitale mengtafel,Exact
CaseBuilder SEO-onderzoek,cluster mixercases,pioneer djm 900 nxs2 mixerkoffer,Exact
CaseBuilder SEO-onderzoek,cluster mixercases,pioneer djm s7 mixerkoffer,Exact
CaseBuilder SEO-onderzoek,cluster mixercases,premium flip case behringer wing compact lade 1u,Exact
CaseBuilder SEO-onderzoek,cluster mixercases,premium flip case digico sd8 bk,Exact
CaseBuilder SEO-onderzoek,cluster mixercases,profi case pb behringer wing compact dh,Exact
CaseBuilder SEO-onderzoek,cluster mixercases,profi roadcase yamaha dm7 compact ex rg dh bk,Exact
CaseBuilder SEO-onderzoek,cluster mixercases,profi roadcase yamaha dm7 compact rg dh bk,Exact
CaseBuilder SEO-onderzoek,cluster mixercases,regie produktionscase,Exact
CaseBuilder SEO-onderzoek,cluster mixercases,roadcase ah dlive s3000,Exact
CaseBuilder SEO-onderzoek,cluster mixercases,roadcase behringer wing 2he rg dh,Exact
CaseBuilder SEO-onderzoek,cluster mixercases,roadcase behringer wing wheels,Exact
CaseBuilder SEO-onderzoek,cluster mixercases,roadcase digico quantum 112,Exact
CaseBuilder SEO-onderzoek,cluster mixercases,roadcase yamaha dm7 ex,Exact
CaseBuilder SEO-onderzoek,cluster mixercases,roadcase yamaha dm7 ex rg dh,Exact
CaseBuilder SEO-onderzoek,cluster mixercases,robuuste flipcase voor allen heath qu 7 qu 7d,Exact
CaseBuilder SEO-onderzoek,cluster mixercases,robuuste flipcase voor midas heritage d hd96 24 flex cradle,Exact
CaseBuilder SEO-onderzoek,cluster mixercases,schuine roadcase behringer wing compact mixer,Exact
CaseBuilder SEO-onderzoek,cluster mixercases,transportkoffer voor behringer x air xr16 xr18,Exact
CaseBuilder SEO-onderzoek,cluster mixercases,winkelcase grandma2 on pc commandwing fw mb 24 rg bk,Exact
CaseBuilder SEO-onderzoek,cluster mixercases,yamaha dm7 compact control case,Exact
CaseBuilder SEO-onderzoek,cluster mixercases,yamaha ls9 16 mengpaneel roadcase,Exact
CaseBuilder SEO-onderzoek,cluster dj cases,cdj case,Exact
CaseBuilder SEO-onderzoek,cluster dj cases,dj case,Exact
CaseBuilder SEO-onderzoek,cluster dj cases,dj flightcase,Exact
CaseBuilder SEO-onderzoek,cluster dj cases,flightcase dj controller,Exact
CaseBuilder SEO-onderzoek,cluster dj cases,16he live dj table rack mk ii,Exact
CaseBuilder SEO-onderzoek,cluster dj cases,alpha theta cdj 3000x cd spelerbehuizing,Exact
CaseBuilder SEO-onderzoek,cluster dj cases,alphatheta cdj 1500x cd speler flightcase,Exact
CaseBuilder SEO-onderzoek,cluster dj cases,alphatheta cdj 1500x cd speler flightcase volledig,Exact
CaseBuilder SEO-onderzoek,cluster dj cases,alphatheta xdj az hoekige controllerbehuizing,Exact
CaseBuilder SEO-onderzoek,cluster dj cases,case 2x cdj 2000nxs2 1x djm 900nxs2,Exact
CaseBuilder SEO-onderzoek,cluster dj cases,case 2x cdj 3000 1x djm 900 nxs2,Exact
CaseBuilder SEO-onderzoek,cluster dj cases,case 2x technics sl 1200 1x pioneer djm 900,Exact
CaseBuilder SEO-onderzoek,cluster dj cases,case adj dj mister kool i ii,Exact
CaseBuilder SEO-onderzoek,cluster dj cases,case denon x1800 2x sc6000,Exact
CaseBuilder SEO-onderzoek,cluster dj cases,case dj table,Exact
CaseBuilder SEO-onderzoek,cluster dj cases,case pioneer ddj rzx,Exact
CaseBuilder SEO-onderzoek,cluster dj cases,case pioneer xdj rx3 rackspace,Exact
CaseBuilder SEO-onderzoek,cluster dj cases,cd player case for pioneer xdj 1000,Exact
CaseBuilder SEO-onderzoek,cluster dj cases,cd player case pioneer cdj 3000,Exact
CaseBuilder SEO-onderzoek,cluster dj cases,cd player case pioneer cdj 3000 2,Exact
CaseBuilder SEO-onderzoek,cluster dj cases,cd spelerbehuizing alphatheta cdj 3000x geheel,Exact
CaseBuilder SEO-onderzoek,cluster dj cases,cd spelerkoffer alphatheta cdj 3000x,Exact
CaseBuilder SEO-onderzoek,cluster dj cases,cd spelerkoffer voor pioneer cdj 3000,Exact
CaseBuilder SEO-onderzoek,cluster dj cases,cd spelerkoffer voor pioneer cdj 3000 pb,Exact
CaseBuilder SEO-onderzoek,cluster dj cases,consolencase 1x dj x1850 2x dj sc6000 prime dh,Exact
CaseBuilder SEO-onderzoek,cluster dj cases,controller case pioneer flx 10,Exact
CaseBuilder SEO-onderzoek,cluster dj cases,controller case pioneer opus quad,Exact
CaseBuilder SEO-onderzoek,cluster dj cases,controller case rane four 1u,Exact
CaseBuilder SEO-onderzoek,cluster dj cases,controller case voor denon dj prime 4 g2,Exact
CaseBuilder SEO-onderzoek,cluster dj cases,controller case voor denon dj prime 4 g2 volledig,Exact
CaseBuilder SEO-onderzoek,cluster dj cases,controllerbehuizing pioneer xdj az all black trolley,Exact
CaseBuilder SEO-onderzoek,cluster dj cases,controllerbehuizing pioneer xdj az alphatheta,Exact
CaseBuilder SEO-onderzoek,cluster dj cases,controllercase denon dj sc live 2,Exact
CaseBuilder SEO-onderzoek,cluster dj cases,controllercase denon dj sc live 4,Exact
CaseBuilder SEO-onderzoek,cluster dj cases,controllercase rane four,Exact
CaseBuilder SEO-onderzoek,cluster dj cases,flightcase denon dj lc6000 prime,Exact
CaseBuilder SEO-onderzoek,cluster dj cases,flightcase denon dj mc 7000,Exact
CaseBuilder SEO-onderzoek,cluster dj cases,flightcase denon dj prime 4,Exact
CaseBuilder SEO-onderzoek,cluster dj cases,flightcase denon dj prime 4 2,Exact
CaseBuilder SEO-onderzoek,cluster dj cases,flightcase denon dj prime go dockhouse,Exact
CaseBuilder SEO-onderzoek,cluster dj cases,flightcase denon dj sc6000 prime,Exact
CaseBuilder SEO-onderzoek,cluster dj cases,flightcase denon dj sc6000m prime,Exact
CaseBuilder SEO-onderzoek,cluster dj cases,flightcase denon dj sc6000m prime 2,Exact
CaseBuilder SEO-onderzoek,cluster dj cases,flightcase denon x1800 1850 2x sc5000 m,Exact
CaseBuilder SEO-onderzoek,cluster dj cases,flightcase dj table z style,Exact
CaseBuilder SEO-onderzoek,cluster dj cases,flightcase hercules dj control inpulse t7,Exact
CaseBuilder SEO-onderzoek,cluster dj cases,flightcase pioneer cdj 2000 nxs2 pb,Exact
CaseBuilder SEO-onderzoek,cluster dj cases,flightcase pioneer djm 900 nxs2,Exact
CaseBuilder SEO-onderzoek,cluster dj cases,flightcase pioneer djm 900nxs2 pb,Exact
CaseBuilder SEO-onderzoek,cluster dj cases,flightcase pioneer djm a9,Exact
CaseBuilder SEO-onderzoek,cluster dj cases,flightcase pioneer djm a9 2,Exact
CaseBuilder SEO-onderzoek,cluster dj cases,flightcase pioneer djm v10,Exact
CaseBuilder SEO-onderzoek,cluster dj cases,flightcase pioneer djm v10 kk,Exact
CaseBuilder SEO-onderzoek,cluster dj cases,flightcase pioneer djs 1000,Exact
CaseBuilder SEO-onderzoek,cluster dj cases,flightcase rane one controller,Exact
CaseBuilder SEO-onderzoek,cluster dj cases,flightcase rane performer dj controller console,Exact
CaseBuilder SEO-onderzoek,cluster dj cases,flightcase roland dj 202,Exact
CaseBuilder SEO-onderzoek,cluster dj cases,flightcase studio dj table 1500 beech,Exact
CaseBuilder SEO-onderzoek,cluster dj cases,flightcase studio dj table 1500 bk,Exact
CaseBuilder SEO-onderzoek,cluster dj cases,flightcase studio dj table 1500 oak,Exact
CaseBuilder SEO-onderzoek,cluster dj cases,flightcase studio dj table 1500 wh,Exact
CaseBuilder SEO-onderzoek,cluster dj cases,flightcase technics 1200 1210 mkii,Exact
CaseBuilder SEO-onderzoek,cluster dj cases,flightcase technics 1210 1210mkii pb,Exact
CaseBuilder SEO-onderzoek,cluster dj cases,flightcase voor 5x pioneer cdj,Exact
CaseBuilder SEO-onderzoek,cluster dj cases,flightcase voor 6x pioneer cdj 3000x,Exact
CaseBuilder SEO-onderzoek,cluster dj cases,flightcase voor alphatheta djm v5 volledig,Exact
CaseBuilder SEO-onderzoek,cluster dj cases,l case denon prime go,Exact
CaseBuilder SEO-onderzoek,cluster dj cases,pioneer ddj flx 10 controller case met slider,Exact
CaseBuilder SEO-onderzoek,cluster dj cases,pioneer flx 10 all black controllerbehuizing,Exact
CaseBuilder SEO-onderzoek,cluster dj cases,rane system one controller case pvc,Exact
CaseBuilder SEO-onderzoek,cluster dj cases,trolley controller case pioneer flx 10 2u rackspace volledig,Exact
CaseBuilder SEO-onderzoek,cluster dj cases,turntable case pioneer plx crss12,Exact
CaseBuilder SEO-onderzoek,cluster instrumentcases,keyboard case,Exact
CaseBuilder SEO-onderzoek,cluster instrumentcases,gitaar flightcase,Exact
CaseBuilder SEO-onderzoek,cluster instrumentcases,keyboard flightcase,Exact
CaseBuilder SEO-onderzoek,cluster instrumentcases,piano flightcase,Exact
CaseBuilder SEO-onderzoek,cluster instrumentcases,flightcase muziekinstrumenten,Exact
CaseBuilder SEO-onderzoek,cluster instrumentcases,flightcase roland,Exact
CaseBuilder SEO-onderzoek,cluster instrumentcases,flightcase yamaha,Exact
CaseBuilder SEO-onderzoek,cluster instrumentcases,backliner toolcase,Exact
CaseBuilder SEO-onderzoek,cluster instrumentcases,flightcase drum,Exact
CaseBuilder SEO-onderzoek,cluster instrumentcases,instrumentcase,Exact
CaseBuilder SEO-onderzoek,cluster instrumentcases,flightcase backline,Exact
CaseBuilder SEO-onderzoek,cluster instrumentcases,flightcase boesendorfer,Exact
CaseBuilder SEO-onderzoek,cluster instrumentcases,flightcase defender,Exact
CaseBuilder SEO-onderzoek,cluster instrumentcases,flightcase galileo,Exact
CaseBuilder SEO-onderzoek,cluster instrumentcases,flightcase gibson,Exact
CaseBuilder SEO-onderzoek,cluster instrumentcases,flightcase instrumenten,Exact
CaseBuilder SEO-onderzoek,cluster instrumentcases,flightcase musikinstrumente,Exact
CaseBuilder SEO-onderzoek,cluster instrumentcases,flightcase steinway,Exact
CaseBuilder SEO-onderzoek,cluster instrumentcases,flightcase takamine,Exact
CaseBuilder SEO-onderzoek,cluster instrumentcases,akai professional mpc key 37 synthesizer koffer,Exact
CaseBuilder SEO-onderzoek,cluster instrumentcases,amp case kemper profiling amplifier,Exact
CaseBuilder SEO-onderzoek,cluster instrumentcases,arturia minibrute 2 noir keyboardhoes type 1,Exact
CaseBuilder SEO-onderzoek,cluster instrumentcases,asm leviasynth keyboard case typ1 61 pvc,Exact
CaseBuilder SEO-onderzoek,cluster instrumentcases,blackstar idxfloor three pedalcase,Exact
CaseBuilder SEO-onderzoek,cluster instrumentcases,case adams bdv 28 18 concert bass wheel,Exact
CaseBuilder SEO-onderzoek,cluster instrumentcases,case asm hydrasynth keyboard,Exact
CaseBuilder SEO-onderzoek,cluster instrumentcases,case clavia nord electro hp,Exact
CaseBuilder SEO-onderzoek,cluster instrumentcases,case dave smith instrument ob 6 desktop modul,Exact
CaseBuilder SEO-onderzoek,cluster instrumentcases,case dell ultrasharp 27 up2720q,Exact
CaseBuilder SEO-onderzoek,cluster instrumentcases,case fender 65 twin reverb inc accessory wheel,Exact
CaseBuilder SEO-onderzoek,cluster instrumentcases,case fender bandmaster vm 2in1 4u,Exact
CaseBuilder SEO-onderzoek,cluster instrumentcases,case fender passport event venue series 2,Exact
CaseBuilder SEO-onderzoek,cluster instrumentcases,case fender tone master deluxe reverb,Exact
CaseBuilder SEO-onderzoek,cluster instrumentcases,case harley benton db02 electric double bass,Exact
CaseBuilder SEO-onderzoek,cluster instrumentcases,case kemper profile stage ep 1 relay g50,Exact
CaseBuilder SEO-onderzoek,cluster instrumentcases,case kemper profiling amprack bkcontrol,Exact
CaseBuilder SEO-onderzoek,cluster instrumentcases,case korg minilogue xd module,Exact
CaseBuilder SEO-onderzoek,cluster instrumentcases,case line6 helix control ep 1 eb6180,Exact
CaseBuilder SEO-onderzoek,cluster instrumentcases,case mark bass cab standard 104 hr,Exact
CaseBuilder SEO-onderzoek,cluster instrumentcases,case marshall artiste 2040,Exact
CaseBuilder SEO-onderzoek,cluster instrumentcases,case marshall cv630 ip full hd ptz camera,Exact
CaseBuilder SEO-onderzoek,cluster instrumentcases,case marshall electronics cv610 u3 v2 full hd,Exact
CaseBuilder SEO-onderzoek,cluster instrumentcases,case marshall electronics cv610 u3 v2 full hd 2,Exact
CaseBuilder SEO-onderzoek,cluster instrumentcases,case marshall electronics cv620 bk4 full hd ptz,Exact
CaseBuilder SEO-onderzoek,cluster instrumentcases,case marshall electronics cv620 bk4 full hd ptz 2,Exact
CaseBuilder SEO-onderzoek,cluster instrumentcases,case marshall electronics cv730 ndi uhd ptz,Exact
CaseBuilder SEO-onderzoek,cluster instrumentcases,case marshall electronics cv730 ndi uhd ptz 2in1,Exact
CaseBuilder SEO-onderzoek,cluster instrumentcases,case marshall studio classic sc20h,Exact
CaseBuilder SEO-onderzoek,cluster instrumentcases,case marshall vs ptc ip camera controller,Exact
CaseBuilder SEO-onderzoek,cluster instrumentcases,case native instrument komplete kontrol a49,Exact
CaseBuilder SEO-onderzoek,cluster instrumentcases,case native instruments maschine,Exact
CaseBuilder SEO-onderzoek,cluster instrumentcases,case roland td 30 sound modulfach,Exact
CaseBuilder SEO-onderzoek,cluster instrumentcases,case roland v 02 hd micor video switcher,Exact
CaseBuilder SEO-onderzoek,cluster instrumentcases,case roland v600 uhd,Exact
CaseBuilder SEO-onderzoek,cluster instrumentcases,case roland vr 50hd mk ii,Exact
CaseBuilder SEO-onderzoek,cluster instrumentcases,custom pedal case g66 eu orange,Exact
CaseBuilder SEO-onderzoek,cluster instrumentcases,defender mini 10 in 1 borstkoffer,Exact
CaseBuilder SEO-onderzoek,cluster instrumentcases,double door amp case kemper profilier ampremote control,Exact
CaseBuilder SEO-onderzoek,cluster instrumentcases,double door case kemper profilier ampfoot control,Exact
CaseBuilder SEO-onderzoek,cluster instrumentcases,dubbeldeurs versterkerbehuizing kemper profiler head mk2 afstandsbediening,Exact
CaseBuilder SEO-onderzoek,cluster instrumentcases,effectcase boss rc 505 kk,Exact
CaseBuilder SEO-onderzoek,cluster instrumentcases,flightcase 19 keyboard drawer 2u,Exact
CaseBuilder SEO-onderzoek,cluster instrumentcases,flightcase 4u pedalboard,Exact
CaseBuilder SEO-onderzoek,cluster instrumentcases,flightcase 9he double door kemper profile remote,Exact
CaseBuilder SEO-onderzoek,cluster instrumentcases,flightcase alembic explorer 8 bass,Exact
CaseBuilder SEO-onderzoek,cluster instrumentcases,flightcase asm hydrasynth explorer,Exact
CaseBuilder SEO-onderzoek,cluster instrumentcases,flightcase bodeneffekt line 6 helix guitar processor kk,Exact
CaseBuilder SEO-onderzoek,cluster instrumentcases,flightcase boesendorfer mod 225,Exact
CaseBuilder SEO-onderzoek,cluster instrumentcases,flightcase clavia nord grand,Exact
CaseBuilder SEO-onderzoek,cluster instrumentcases,flightcase clavia nord grand pedal,Exact
CaseBuilder SEO-onderzoek,cluster instrumentcases,flightcase clavia nord lead 4r,Exact
CaseBuilder SEO-onderzoek,cluster instrumentcases,flightcase clavia nord wave 2,Exact
CaseBuilder SEO-onderzoek,cluster instrumentcases,flightcase clay paky sharpy,Exact
CaseBuilder SEO-onderzoek,cluster instrumentcases,flightcase clay paky sharpy plus,Exact
CaseBuilder SEO-onderzoek,cluster instrumentcases,flightcase clay paky supersharpy,Exact
CaseBuilder SEO-onderzoek,cluster instrumentcases,flightcase defender ka44,Exact
CaseBuilder SEO-onderzoek,cluster instrumentcases,flightcase defender ka64,Exact
CaseBuilder SEO-onderzoek,cluster instrumentcases,flightcase defender ka74,Exact
CaseBuilder SEO-onderzoek,cluster instrumentcases,flightcase defender midi 5,Exact
CaseBuilder SEO-onderzoek,cluster instrumentcases,flightcase defender midi 5 lux,Exact
CaseBuilder SEO-onderzoek,cluster instrumentcases,flightcase defender mini lux,Exact
CaseBuilder SEO-onderzoek,cluster instrumentcases,flightcase defender ultra l,Exact
CaseBuilder SEO-onderzoek,cluster instrumentcases,flightcase defender ultra l lux,Exact
CaseBuilder SEO-onderzoek,cluster instrumentcases,flightcase dell ultrasharp u2719d 2in1,Exact
CaseBuilder SEO-onderzoek,cluster instrumentcases,flightcase erica synths syntrx,Exact
CaseBuilder SEO-onderzoek,cluster instrumentcases,flightcase fender bassbreaker 30r,Exact
CaseBuilder SEO-onderzoek,cluster instrumentcases,flightcase fender mustang gtx100,Exact
CaseBuilder SEO-onderzoek,cluster instrumentcases,flightcase for 2x sharp 60 aquos without stand,Exact
CaseBuilder SEO-onderzoek,cluster instrumentcases,flightcase for roland v 1hd,Exact
CaseBuilder SEO-onderzoek,cluster instrumentcases,flightcase gibson eds 1275,Exact
CaseBuilder SEO-onderzoek,cluster instrumentcases,flightcase gitaarwagen voor 7 gitaren,Exact
CaseBuilder SEO-onderzoek,cluster instrumentcases,flightcase guitar vault 2x bass 5x electric,Exact
CaseBuilder SEO-onderzoek,cluster instrumentcases,flightcase guitar vault 3x bass 2x acoustic,Exact
CaseBuilder SEO-onderzoek,cluster instrumentcases,flightcase guitar vault 7x electric,Exact
CaseBuilder SEO-onderzoek,cluster instrumentcases,flightcase guitarstand,Exact
CaseBuilder SEO-onderzoek,cluster instrumentcases,flightcase guitartech,Exact
CaseBuilder SEO-onderzoek,cluster instrumentcases,flightcase harfe wheel,Exact
CaseBuilder SEO-onderzoek,cluster instrumentcases,flightcase korg minilogue xd,Exact
CaseBuilder SEO-onderzoek,cluster instrumentcases,flightcase korg modwave kk,Exact
CaseBuilder SEO-onderzoek,cluster instrumentcases,flightcase korg mw 1608,Exact
CaseBuilder SEO-onderzoek,cluster instrumentcases,flightcase korg nautilus 61,Exact
CaseBuilder SEO-onderzoek,cluster instrumentcases,flightcase korg nautilus 73,Exact
CaseBuilder SEO-onderzoek,cluster instrumentcases,flightcase korg nautilus 88 wheel,Exact
CaseBuilder SEO-onderzoek,cluster instrumentcases,flightcase korg opsix,Exact
CaseBuilder SEO-onderzoek,cluster instrumentcases,flightcase korg pro pa,Exact
CaseBuilder SEO-onderzoek,cluster instrumentcases,flightcase korg sv 2s 73,Exact
CaseBuilder SEO-onderzoek,cluster instrumentcases,flightcase korg volca sample,Exact
CaseBuilder SEO-onderzoek,cluster instrumentcases,flightcase korg wavestate,Exact
CaseBuilder SEO-onderzoek,cluster instrumentcases,flightcase line6 powercab 212 plus,Exact
CaseBuilder SEO-onderzoek,cluster instrumentcases,flightcase marleaux soprano bass,Exact
CaseBuilder SEO-onderzoek,cluster instrumentcases,flightcase marshall 1960 bhw,Exact
CaseBuilder SEO-onderzoek,cluster instrumentcases,flightcase marshall 1987x,Exact
CaseBuilder SEO-onderzoek,cluster instrumentcases,flightcase marshall dsl20hr,Exact
CaseBuilder SEO-onderzoek,cluster instrumentcases,flightcase marshall koelkast 4 4 met enkele deur,Exact
CaseBuilder SEO-onderzoek,cluster instrumentcases,flightcase marshall origin 212 a cabinet,Exact
CaseBuilder SEO-onderzoek,cluster instrumentcases,flightcase marshall studio jtm st20h head,Exact
CaseBuilder SEO-onderzoek,cluster instrumentcases,flightcase marshall vs ptc 200 ptz,Exact
CaseBuilder SEO-onderzoek,cluster instrumentcases,flightcase prs mt 15 amp,Exact
CaseBuilder SEO-onderzoek,cluster instrumentcases,flightcase revv g20 amp head,Exact
CaseBuilder SEO-onderzoek,cluster instrumentcases,flightcase roland ac 30,Exact
CaseBuilder SEO-onderzoek,cluster instrumentcases,flightcase roland fantom 8 wheel,Exact
CaseBuilder SEO-onderzoek,cluster instrumentcases,flightcase roland fp 60x,Exact
CaseBuilder SEO-onderzoek,cluster instrumentcases,flightcase roland gr 55,Exact
CaseBuilder SEO-onderzoek,cluster instrumentcases,flightcase roland juno 6 juno 60,Exact
CaseBuilder SEO-onderzoek,cluster instrumentcases,flightcase roland jupiter,Exact
CaseBuilder SEO-onderzoek,cluster instrumentcases,flightcase roland jupiter x 2,Exact
CaseBuilder SEO-onderzoek,cluster instrumentcases,flightcase roland jupiter xm,Exact
CaseBuilder SEO-onderzoek,cluster instrumentcases,flightcase roland mc 707 kk,Exact
CaseBuilder SEO-onderzoek,cluster instrumentcases,flightcase roland pm 100 personal drum,Exact
CaseBuilder SEO-onderzoek,cluster instrumentcases,flightcase roland rd 88,Exact
CaseBuilder SEO-onderzoek,cluster instrumentcases,flightcase roland rg 1,Exact
CaseBuilder SEO-onderzoek,cluster instrumentcases,flightcase roland spd sx,Exact
CaseBuilder SEO-onderzoek,cluster instrumentcases,flightcase roland v 01 hd,Exact
CaseBuilder SEO-onderzoek,cluster instrumentcases,flightcase roland v 160hd,Exact
CaseBuilder SEO-onderzoek,cluster instrumentcases,flightcase roland v 800 mkii,Exact
CaseBuilder SEO-onderzoek,cluster instrumentcases,flightcase roland v 8hd hd video switcher,Exact
CaseBuilder SEO-onderzoek,cluster instrumentcases,flightcase roland v160 hd,Exact
CaseBuilder SEO-onderzoek,cluster instrumentcases,flightcase roland vr 1hd,Exact
CaseBuilder SEO-onderzoek,cluster instrumentcases,flightcase roland vr 4hd,Exact
CaseBuilder SEO-onderzoek,cluster instrumentcases,flightcase roland vr 50hd,Exact
CaseBuilder SEO-onderzoek,cluster instrumentcases,flightcase shure ha 8089 helix,Exact
CaseBuilder SEO-onderzoek,cluster instrumentcases,flightcase snare drum,Exact
CaseBuilder SEO-onderzoek,cluster instrumentcases,flightcase soldano astro 20 versterkertop,Exact
CaseBuilder SEO-onderzoek,cluster instrumentcases,flightcase steinway d 274,Exact
CaseBuilder SEO-onderzoek,cluster instrumentcases,flightcase takamine tb 10 bass,Exact
CaseBuilder SEO-onderzoek,cluster instrumentcases,flightcase victory amplifier v4,Exact
CaseBuilder SEO-onderzoek,cluster instrumentcases,flightcase wood clavia nord stage 4 88,Exact
CaseBuilder SEO-onderzoek,cluster instrumentcases,gitaarkoffer op maat walnoot abk,Exact
CaseBuilder SEO-onderzoek,cluster instrumentcases,grote trolleykoffer met inleg voor diverse meetinstrumenten,Exact
CaseBuilder SEO-onderzoek,cluster instrumentcases,guitar case gold tone micro bass,Exact
CaseBuilder SEO-onderzoek,cluster instrumentcases,guitarcase dingwall d roc standard,Exact
CaseBuilder SEO-onderzoek,cluster instrumentcases,guitarcase jackson pro gus g star ivory,Exact
CaseBuilder SEO-onderzoek,cluster instrumentcases,guitarcase music man bongo 5,Exact
CaseBuilder SEO-onderzoek,cluster instrumentcases,guitarcase solar a 1 6 frc g2,Exact
CaseBuilder SEO-onderzoek,cluster instrumentcases,harfencase,Exact
CaseBuilder SEO-onderzoek,cluster instrumentcases,hoekkapkoffer kawai k300 piano,Exact
CaseBuilder SEO-onderzoek,cluster instrumentcases,hood case voor korg kaoss pad v,Exact
CaseBuilder SEO-onderzoek,cluster instrumentcases,hotone ampero ii gitaar effectpedaal koffer,Exact
CaseBuilder SEO-onderzoek,cluster instrumentcases,keyboard case artesia pe 88,Exact
CaseBuilder SEO-onderzoek,cluster instrumentcases,keyboard case casio cdp s100,Exact
CaseBuilder SEO-onderzoek,cluster instrumentcases,keyboard case clavia nord piano 5 73,Exact
CaseBuilder SEO-onderzoek,cluster instrumentcases,keyboard case hammond sk pro 73,Exact
CaseBuilder SEO-onderzoek,cluster instrumentcases,keyboard case typ 3 88 korg kronos 88mod 2015 eckrollen,Exact
CaseBuilder SEO-onderzoek,cluster instrumentcases,keyboard case type 3 voor korg kronos 88 model 2025,Exact
CaseBuilder SEO-onderzoek,cluster instrumentcases,keyboard koffer yamaha modx8,Exact
CaseBuilder SEO-onderzoek,cluster instrumentcases,keyboard toetsen flightcase,Exact
CaseBuilder SEO-onderzoek,cluster instrumentcases,keyboardcase crumar mojo classic wheels,Exact
CaseBuilder SEO-onderzoek,cluster instrumentcases,keyboardcase pvc yamaha genos 2,Exact
CaseBuilder SEO-onderzoek,cluster instrumentcases,keyboardcase viscount legend 70 artist,Exact
CaseBuilder SEO-onderzoek,cluster instrumentcases,keyboardcase voor groove synthesis 3rd wave desktop module,Exact
CaseBuilder SEO-onderzoek,cluster instrumentcases,keyboardcase wood yamaha genos 2,Exact
CaseBuilder SEO-onderzoek,cluster instrumentcases,keyboardhoes special 61 moog muse synthesizer,Exact
CaseBuilder SEO-onderzoek,cluster instrumentcases,keyboardhoes special 61 pvc korg kronos 61 model 2025,Exact
CaseBuilder SEO-onderzoek,cluster instrumentcases,keyboardhoes special 76 yamaha modx m7,Exact
CaseBuilder SEO-onderzoek,cluster instrumentcases,keyboardhoes type 1 korg pa,Exact
CaseBuilder SEO-onderzoek,cluster instrumentcases,keyboardkoffer speciale arturia polybrute 12 synthesizer,Exact
CaseBuilder SEO-onderzoek,cluster instrumentcases,keyboardkoffer type 1 pvc expressive e osmose 49,Exact
CaseBuilder SEO-onderzoek,cluster instrumentcases,keyboardkoffer type 1 pvc expressive e osmose 49 ce,Exact
CaseBuilder SEO-onderzoek,cluster instrumentcases,keyboardkoffer type 1 pvc expressive e osmose 61ce,Exact
CaseBuilder SEO-onderzoek,cluster instrumentcases,keyboardkoffer type 3 voor yamaha modx m8,Exact
CaseBuilder SEO-onderzoek,cluster instrumentcases,keyboardkoffer type 3 voor yamaha montage m8x hoekwielen,Exact
CaseBuilder SEO-onderzoek,cluster instrumentcases,keyboardkoffer voor clavia nord electro 7 type 1 61 pvc,Exact
CaseBuilder SEO-onderzoek,cluster instrumentcases,keyboardrack l rack,Exact
CaseBuilder SEO-onderzoek,cluster instrumentcases,koffer roland studio system 100m,Exact
CaseBuilder SEO-onderzoek,cluster instrumentcases,koffer voor korg kronos 88 model 2015 met hoekwielen,Exact
CaseBuilder SEO-onderzoek,cluster instrumentcases,koffer voor korg kronos 88 model 2015 met hoekwielen 2,Exact
CaseBuilder SEO-onderzoek,cluster instrumentcases,korg multi poly analog modeling synthesizer behuizing,Exact
CaseBuilder SEO-onderzoek,cluster instrumentcases,korg pa 5x special keyboard case 76 toetsen pvc,Exact
CaseBuilder SEO-onderzoek,cluster instrumentcases,l rack roland vr 50hd wheel,Exact
CaseBuilder SEO-onderzoek,cluster instrumentcases,live flightcase pedalcase met afneembaar deksel binnenafmetingen,Exact
CaseBuilder SEO-onderzoek,cluster instrumentcases,pedaalkoffer voor de neural dsp quad cortex,Exact
CaseBuilder SEO-onderzoek,cluster instrumentcases,pedalcase blackstar dept 10 amped 2,Exact
CaseBuilder SEO-onderzoek,cluster instrumentcases,pedalcase boss gm 800,Exact
CaseBuilder SEO-onderzoek,cluster instrumentcases,pedalcase boss gt 1000core,Exact
CaseBuilder SEO-onderzoek,cluster instrumentcases,pedalcase boss gt 1000core boss ev 30,Exact
CaseBuilder SEO-onderzoek,cluster instrumentcases,pedalcase boss gx 100,Exact
CaseBuilder SEO-onderzoek,cluster instrumentcases,pedalcase boss rc 600 loop,Exact
CaseBuilder SEO-onderzoek,cluster instrumentcases,pedalcase boss sy 1000 pedal,Exact
CaseBuilder SEO-onderzoek,cluster instrumentcases,pedalcase fender tone master,Exact
CaseBuilder SEO-onderzoek,cluster instrumentcases,pedalcase fender tone master pro ep1,Exact
CaseBuilder SEO-onderzoek,cluster instrumentcases,pedalcase fractal ax8 ep 1,Exact
CaseBuilder SEO-onderzoek,cluster instrumentcases,pedalcase fractal fm9 fractal ev 1,Exact
CaseBuilder SEO-onderzoek,cluster instrumentcases,pedalcase fractal fm9 kk,Exact
CaseBuilder SEO-onderzoek,cluster instrumentcases,pedalcase g66 eu flightcase fur fractal vp4 am4,Exact
CaseBuilder SEO-onderzoek,cluster instrumentcases,pedalcase g66 eu fractal 2x vp4 am4 2x ev 2,Exact
CaseBuilder SEO-onderzoek,cluster instrumentcases,pedalcase g66 eu fractal vp4 am4 2x ev 2,Exact
CaseBuilder SEO-onderzoek,cluster instrumentcases,pedalcase headrush core,Exact
CaseBuilder SEO-onderzoek,cluster instrumentcases,pedalcase headrush mx5,Exact
CaseBuilder SEO-onderzoek,cluster instrumentcases,pedalcase headrush pedalboard,Exact
CaseBuilder SEO-onderzoek,cluster instrumentcases,pedalcase headrush prime,Exact
CaseBuilder SEO-onderzoek,cluster instrumentcases,pedalcase headrush primeep1,Exact
CaseBuilder SEO-onderzoek,cluster instrumentcases,pedalcase hotone ampero,Exact
CaseBuilder SEO-onderzoek,cluster instrumentcases,pedalcase kemper profile player,Exact
CaseBuilder SEO-onderzoek,cluster instrumentcases,pedalcase kemper profile player ep1,Exact
CaseBuilder SEO-onderzoek,cluster instrumentcases,pedalcase kemper profile remoteep1,Exact
CaseBuilder SEO-onderzoek,cluster instrumentcases,pedalcase kemper profile stage,Exact
CaseBuilder SEO-onderzoek,cluster instrumentcases,pedalcase kemper profile stage line6 relay g50,Exact
CaseBuilder SEO-onderzoek,cluster instrumentcases,pedalcase kemper profile stage2xep 1,Exact
CaseBuilder SEO-onderzoek,cluster instrumentcases,pedalcase kemper profile stageep1,Exact
CaseBuilder SEO-onderzoek,cluster instrumentcases,pedalcase kemper profiler remote 2x ep 1,Exact
CaseBuilder SEO-onderzoek,cluster instrumentcases,pedalcase kemper profiler remote control,Exact
CaseBuilder SEO-onderzoek,cluster instrumentcases,pedalcase kemper profiler remote control 2,Exact
CaseBuilder SEO-onderzoek,cluster instrumentcases,pedalcase kemper profiler remote2x ep 1,Exact
CaseBuilder SEO-onderzoek,cluster instrumentcases,pedalcase kemper profiler stage,Exact
CaseBuilder SEO-onderzoek,cluster instrumentcases,pedalcase line6 fbv3,Exact
CaseBuilder SEO-onderzoek,cluster instrumentcases,pedalcase line6 fbv3 2,Exact
CaseBuilder SEO-onderzoek,cluster instrumentcases,pedalcase line6 helix control 2x ep 1,Exact
CaseBuilder SEO-onderzoek,cluster instrumentcases,pedalcase line6 helix control ep1,Exact
CaseBuilder SEO-onderzoek,cluster instrumentcases,pedalcase line6 helix lt guitar processor,Exact
CaseBuilder SEO-onderzoek,cluster instrumentcases,pedalcase line6 helix ltep1,Exact
CaseBuilder SEO-onderzoek,cluster instrumentcases,pedalcase line6 hx stomp,Exact
CaseBuilder SEO-onderzoek,cluster instrumentcases,pedalcase line6 hx stomp ep1,Exact
CaseBuilder SEO-onderzoek,cluster instrumentcases,pedalcase line6 pod go,Exact
CaseBuilder SEO-onderzoek,cluster instrumentcases,pedalcase mooer ge 300,Exact
CaseBuilder SEO-onderzoek,cluster instrumentcases,pedalcase mooer ge150 amp modelling multi,Exact
CaseBuilder SEO-onderzoek,cluster instrumentcases,pedalcase neural dsp quad cortex,Exact
CaseBuilder SEO-onderzoek,cluster instrumentcases,pedalcase neural dsp quad cortexep1,Exact
CaseBuilder SEO-onderzoek,cluster instrumentcases,pedalcase t rex soulmate acoustic kk,Exact
CaseBuilder SEO-onderzoek,cluster instrumentcases,pedalcase voor blackstar idx floor two,Exact
CaseBuilder SEO-onderzoek,cluster instrumentcases,pedalcase zoom g11,Exact
CaseBuilder SEO-onderzoek,cluster instrumentcases,pedalcase zoom g6,Exact
CaseBuilder SEO-onderzoek,cluster instrumentcases,pvc keyboardhoes viscount legend one 73 speciaal type,Exact
CaseBuilder SEO-onderzoek,cluster instrumentcases,roland tr 1000 koffer met afneembaar deksel,Exact
CaseBuilder SEO-onderzoek,cluster instrumentcases,sheeran looper x effectkoffer,Exact
CaseBuilder SEO-onderzoek,cluster instrumentcases,special 88 houten keyboardkoffer voor roland fp 40,Exact
CaseBuilder SEO-onderzoek,cluster instrumentcases,speciale keyboard case,Exact
CaseBuilder SEO-onderzoek,cluster instrumentcases,speciale keyboardcase voor clavia nord electro 7 73 toetsen pvc,Exact
CaseBuilder SEO-onderzoek,cluster instrumentcases,speciale keyboardkoffer clavia nord electro 7 hp,Exact
CaseBuilder SEO-onderzoek,cluster instrumentcases,standaard keyboard case,Exact
CaseBuilder SEO-onderzoek,cluster instrumentcases,transportkoffer voor de line 6 helix stadium floor,Exact
CaseBuilder SEO-onderzoek,cluster instrumentcases,trolleykoffer met inleg voor diverse meetinstrumenten,Exact
CaseBuilder SEO-onderzoek,cluster instrumentcases,versterkerbehuizing kemper profiler head mk2,Exact
CaseBuilder SEO-onderzoek,cluster instrumentcases,versterkerbehuizing synergy syn 20ir kop,Exact
CaseBuilder SEO-onderzoek,cluster instrumentcases,viscount legend one 61 special type keyboardhoes,Exact
CaseBuilder SEO-onderzoek,cluster instrumentcases,vloereffectbehuizing voor line 6 helix stadium xl floor,Exact
CaseBuilder SEO-onderzoek,cluster instrumentcases,yamaha modx m6 keyboardhoes type 1,Exact
CaseBuilder SEO-onderzoek,cluster lichtcases,moving head flightcase,Exact
CaseBuilder SEO-onderzoek,cluster lichtcases,flightcase showtec,Exact
CaseBuilder SEO-onderzoek,cluster lichtcases,flightcase moving heads,Exact
CaseBuilder SEO-onderzoek,cluster lichtcases,led par flightcase,Exact
CaseBuilder SEO-onderzoek,cluster lichtcases,lichtcase,Exact
CaseBuilder SEO-onderzoek,cluster lichtcases,flightcase licht,Exact
CaseBuilder SEO-onderzoek,cluster lichtcases,audio light video case,Exact
CaseBuilder SEO-onderzoek,cluster lichtcases,flightcase arri,Exact
CaseBuilder SEO-onderzoek,cluster lichtcases,flightcase astera,Exact
CaseBuilder SEO-onderzoek,cluster lichtcases,flightcase ayrton,Exact
CaseBuilder SEO-onderzoek,cluster lichtcases,flightcase barco,Exact
CaseBuilder SEO-onderzoek,cluster lichtcases,flightcase cameo,Exact
CaseBuilder SEO-onderzoek,cluster lichtcases,flightcase chauvet,Exact
CaseBuilder SEO-onderzoek,cluster lichtcases,flightcase clay paky,Exact
CaseBuilder SEO-onderzoek,cluster lichtcases,flightcase clay paky static lights,Exact
CaseBuilder SEO-onderzoek,cluster lichtcases,flightcase desisti,Exact
CaseBuilder SEO-onderzoek,cluster lichtcases,flightcase dts,Exact
CaseBuilder SEO-onderzoek,cluster lichtcases,flightcase dts static lights,Exact
CaseBuilder SEO-onderzoek,cluster lichtcases,flightcase elation,Exact
CaseBuilder SEO-onderzoek,cluster lichtcases,flightcase elation static lights,Exact
CaseBuilder SEO-onderzoek,cluster lichtcases,flightcase etc,Exact
CaseBuilder SEO-onderzoek,cluster lichtcases,flightcase expolite,Exact
CaseBuilder SEO-onderzoek,cluster lichtcases,flightcase futurelight,Exact
CaseBuilder SEO-onderzoek,cluster lichtcases,flightcase glp,Exact
CaseBuilder SEO-onderzoek,cluster lichtcases,flightcase ignition,Exact
CaseBuilder SEO-onderzoek,cluster lichtcases,flightcase kinetic lights,Exact
CaseBuilder SEO-onderzoek,cluster lichtcases,flightcase ldde,Exact
CaseBuilder SEO-onderzoek,cluster lichtcases,flightcase litecraft,Exact
CaseBuilder SEO-onderzoek,cluster lichtcases,flightcase lts,Exact
CaseBuilder SEO-onderzoek,cluster lichtcases,flightcase martin professional,Exact
CaseBuilder SEO-onderzoek,cluster lichtcases,flightcase moving lights,Exact
CaseBuilder SEO-onderzoek,cluster lichtcases,flightcase prolights,Exact
CaseBuilder SEO-onderzoek,cluster lichtcases,flightcase robe,Exact
CaseBuilder SEO-onderzoek,cluster lichtcases,flightcase robe static lights,Exact
CaseBuilder SEO-onderzoek,cluster lichtcases,flightcase robert juliat,Exact
CaseBuilder SEO-onderzoek,cluster lichtcases,flightcase selecon,Exact
CaseBuilder SEO-onderzoek,cluster lichtcases,flightcase sgm,Exact
CaseBuilder SEO-onderzoek,cluster lichtcases,flightcase spotlight,Exact
CaseBuilder SEO-onderzoek,cluster lichtcases,flightcase static lights,Exact
CaseBuilder SEO-onderzoek,cluster lichtcases,flightcase vari lite,Exact
CaseBuilder SEO-onderzoek,cluster lichtcases,flightcase varytec,Exact
CaseBuilder SEO-onderzoek,cluster lichtcases,flightcase welaku,Exact
CaseBuilder SEO-onderzoek,cluster lichtcases,avolites quartz moving lights behuizing,Exact
CaseBuilder SEO-onderzoek,cluster lichtcases,borstkoffer 2x martin mac viper xips,Exact
CaseBuilder SEO-onderzoek,cluster lichtcases,borstkoffer varytec hero pixel wash 760fx moving head 4in1,Exact
CaseBuilder SEO-onderzoek,cluster lichtcases,borstkoffer varytec hero pixel wash 760fx wash moving head 2in1,Exact
CaseBuilder SEO-onderzoek,cluster lichtcases,borstkoffer varytec hero wash 760 ip outdoor moving head 2in1,Exact
CaseBuilder SEO-onderzoek,cluster lichtcases,borstkoffer varytec hero wash 760 ip outdoor moving head 4in1,Exact
CaseBuilder SEO-onderzoek,cluster lichtcases,case 2x chauvet pro rogue r1x wash,Exact
CaseBuilder SEO-onderzoek,cluster lichtcases,case 2x elation kl fresnel 8 fc,Exact
CaseBuilder SEO-onderzoek,cluster lichtcases,case 2x prolights panorama ip airbeam,Exact
CaseBuilder SEO-onderzoek,cluster lichtcases,case 2x stairville b1r beam wheel,Exact
CaseBuilder SEO-onderzoek,cluster lichtcases,case 2x varytec hero spot wash 140,Exact
CaseBuilder SEO-onderzoek,cluster lichtcases,case 2x varytec led studio 150,Exact
CaseBuilder SEO-onderzoek,cluster lichtcases,case 4x cameo matrix panel 3 ww wheel,Exact
CaseBuilder SEO-onderzoek,cluster lichtcases,case 4x elation kl fresnel 6 wheel,Exact
CaseBuilder SEO-onderzoek,cluster lichtcases,case 4x etc source four zoom 25 50 wheel,Exact
CaseBuilder SEO-onderzoek,cluster lichtcases,case 4x showtec phantom 65 led spot wheel,Exact
CaseBuilder SEO-onderzoek,cluster lichtcases,case 4x stairville led par 64 cx 3,Exact
CaseBuilder SEO-onderzoek,cluster lichtcases,case 4x stairville outdoor stage par pro qcl mkii,Exact
CaseBuilder SEO-onderzoek,cluster lichtcases,case 4x varytec color sonicstrobe,Exact
CaseBuilder SEO-onderzoek,cluster lichtcases,case 4x varytec hero spot wash 140,Exact
CaseBuilder SEO-onderzoek,cluster lichtcases,case 4x varytec hero wash 715 hex led,Exact
CaseBuilder SEO-onderzoek,cluster lichtcases,case 4x varytec led theater spot 250 mz wheel,Exact
CaseBuilder SEO-onderzoek,cluster lichtcases,case 4x varytec retro blinder 200,Exact
CaseBuilder SEO-onderzoek,cluster lichtcases,case 4x varytec theater spot 650 1000 fresnelwheel,Exact
CaseBuilder SEO-onderzoek,cluster lichtcases,case 4x varytec typhoon par outdoor,Exact
CaseBuilder SEO-onderzoek,cluster lichtcases,case 6x varytec battery event par ip65,Exact
CaseBuilder SEO-onderzoek,cluster lichtcases,case 8x cameo flat pro 7 g2,Exact
CaseBuilder SEO-onderzoek,cluster lichtcases,case 8x varytec led theater spot 50 3200k,Exact
CaseBuilder SEO-onderzoek,cluster lichtcases,case adj focus spot 4z 2in1wheel,Exact
CaseBuilder SEO-onderzoek,cluster lichtcases,case bonnet for jb lighting licon 1x lighting console,Exact
CaseBuilder SEO-onderzoek,cluster lichtcases,case cameo clp flat pro 18 ip65 wheel,Exact
CaseBuilder SEO-onderzoek,cluster lichtcases,case cameo flat pro 7 par can 4in1,Exact
CaseBuilder SEO-onderzoek,cluster lichtcases,case cameo hydrabeam 400,Exact
CaseBuilder SEO-onderzoek,cluster lichtcases,case cameo hydrabeam 4000,Exact
CaseBuilder SEO-onderzoek,cluster lichtcases,case cameo pixbar 600 pro ip65 4in1 wheel,Exact
CaseBuilder SEO-onderzoek,cluster lichtcases,case cameo thunderwash 600 2in1,Exact
CaseBuilder SEO-onderzoek,cluster lichtcases,case cameo ts 200 fc led 4in1 wheel,Exact
CaseBuilder SEO-onderzoek,cluster lichtcases,case chauvet intimidator spot 475z,Exact
CaseBuilder SEO-onderzoek,cluster lichtcases,case chauvet ovation cyc 1 fc 4in1,Exact
CaseBuilder SEO-onderzoek,cluster lichtcases,case eurolite led b 40 laser beam,Exact
CaseBuilder SEO-onderzoek,cluster lichtcases,case eurolite led pfe 120 3000kprofile spot,Exact
CaseBuilder SEO-onderzoek,cluster lichtcases,case glockenklang uno rock art light 115,Exact
CaseBuilder SEO-onderzoek,cluster lichtcases,case ignition 2bright par 18 ip 6in1 wheel,Exact
CaseBuilder SEO-onderzoek,cluster lichtcases,case ignition 2bright par 18ip 8in1,Exact
CaseBuilder SEO-onderzoek,cluster lichtcases,case led par 64 long 4in1,Exact
CaseBuilder SEO-onderzoek,cluster lichtcases,case showtec followspot led 120w,Exact
CaseBuilder SEO-onderzoek,cluster lichtcases,case showtec followspot led 120w stativ wheel,Exact
CaseBuilder SEO-onderzoek,cluster lichtcases,case stairville af 250 fog machine 1300w dmx,Exact
CaseBuilder SEO-onderzoek,cluster lichtcases,case stairville m fog 1500 dmx,Exact
CaseBuilder SEO-onderzoek,cluster lichtcases,case stairville m fog 2500 inkl kanister,Exact
CaseBuilder SEO-onderzoek,cluster lichtcases,double door rack light,Exact
CaseBuilder SEO-onderzoek,cluster lichtcases,etc eos programming wing fader wing controllerbehuizing,Exact
CaseBuilder SEO-onderzoek,cluster lichtcases,ext case cameo pixbar 650 cpro cob 4in1,Exact
CaseBuilder SEO-onderzoek,cluster lichtcases,extension case ignition 2bright par 18ip 8in1 fa,Exact
CaseBuilder SEO-onderzoek,cluster lichtcases,fightcase carrier fks 500 wheel,Exact
CaseBuilder SEO-onderzoek,cluster lichtcases,flichtcase ah stagebox ab168,Exact
CaseBuilder SEO-onderzoek,cluster lichtcases,flightcase 12x showtec eventlite table ww,Exact
CaseBuilder SEO-onderzoek,cluster lichtcases,flightcase 2x adj fog fury jett,Exact
CaseBuilder SEO-onderzoek,cluster lichtcases,flightcase 2x cameo f2 fc flat wheel,Exact
CaseBuilder SEO-onderzoek,cluster lichtcases,flightcase 2x cameo steam wizard,Exact
CaseBuilder SEO-onderzoek,cluster lichtcases,flightcase 2x cameo ts 200,Exact
CaseBuilder SEO-onderzoek,cluster lichtcases,flightcase 2x eurolite tmh xb 280 mh beam,Exact
CaseBuilder SEO-onderzoek,cluster lichtcases,flightcase 2x martin era 300 profile,Exact
CaseBuilder SEO-onderzoek,cluster lichtcases,flightcase 2x robe robin dsl wheel,Exact
CaseBuilder SEO-onderzoek,cluster lichtcases,flightcase 2x varytec hero,Exact
CaseBuilder SEO-onderzoek,cluster lichtcases,flightcase 4x adj vizi hexwash wheel,Exact
CaseBuilder SEO-onderzoek,cluster lichtcases,flightcase 4x cameo flat pro 18 g2 wheel,Exact
CaseBuilder SEO-onderzoek,cluster lichtcases,flightcase 4x martin rush par 3 rgb,Exact
CaseBuilder SEO-onderzoek,cluster lichtcases,flightcase 4x varytec bull 200 ip,Exact
CaseBuilder SEO-onderzoek,cluster lichtcases,flightcase 4x varytec colors starbar 12,Exact
CaseBuilder SEO-onderzoek,cluster lichtcases,flightcase 4x varytec giga bar pix 8 rgb wheel,Exact
CaseBuilder SEO-onderzoek,cluster lichtcases,flightcase 4x varytec hero mirror,Exact
CaseBuilder SEO-onderzoek,cluster lichtcases,flightcase 4x varytec hero scan 150 wheel,Exact
CaseBuilder SEO-onderzoek,cluster lichtcases,flightcase 4x varytec hero wash 640fx,Exact
CaseBuilder SEO-onderzoek,cluster lichtcases,flightcase 4x varytec led profile 150w 3200k wheel,Exact
CaseBuilder SEO-onderzoek,cluster lichtcases,flightcase 4x varytec led studio 150,Exact
CaseBuilder SEO-onderzoek,cluster lichtcases,flightcase 6 eurolite led ip par,Exact
CaseBuilder SEO-onderzoek,cluster lichtcases,flightcase 6x cameo q spot 40 rgbw,Exact
CaseBuilder SEO-onderzoek,cluster lichtcases,flightcase 6x led par 56 short,Exact
CaseBuilder SEO-onderzoek,cluster lichtcases,flightcase 6x varytec hero wheel,Exact
CaseBuilder SEO-onderzoek,cluster lichtcases,flightcase 8x cameo flat pro 12 g2 wheel,Exact
CaseBuilder SEO-onderzoek,cluster lichtcases,flightcase 8x cameo flat pro 7 g2,Exact
CaseBuilder SEO-onderzoek,cluster lichtcases,flightcase 8x stairville retro flat par,Exact
CaseBuilder SEO-onderzoek,cluster lichtcases,flightcase 8x varytec bull 200 ip,Exact
CaseBuilder SEO-onderzoek,cluster lichtcases,flightcase adj focus spot 2x,Exact
CaseBuilder SEO-onderzoek,cluster lichtcases,flightcase adj fog fury jett 2in1,Exact
CaseBuilder SEO-onderzoek,cluster lichtcases,flightcase adj hydro beam x2 wheel,Exact
CaseBuilder SEO-onderzoek,cluster lichtcases,flightcase antari m 4 stage fog jet,Exact
CaseBuilder SEO-onderzoek,cluster lichtcases,flightcase antari m 5 fog,Exact
CaseBuilder SEO-onderzoek,cluster lichtcases,flightcase arri arrisun 18 event,Exact
CaseBuilder SEO-onderzoek,cluster lichtcases,flightcase arri d40 d25,Exact
CaseBuilder SEO-onderzoek,cluster lichtcases,flightcase arri l7 c,Exact
CaseBuilder SEO-onderzoek,cluster lichtcases,flightcase arri true blue st2,Exact
CaseBuilder SEO-onderzoek,cluster lichtcases,flightcase astera titan tube,Exact
CaseBuilder SEO-onderzoek,cluster lichtcases,flightcase ayrton eurus,Exact
CaseBuilder SEO-onderzoek,cluster lichtcases,flightcase ayrton huracan 1,Exact
CaseBuilder SEO-onderzoek,cluster lichtcases,flightcase ayrton huracan 2,Exact
CaseBuilder SEO-onderzoek,cluster lichtcases,flightcase cameo movo beam 100,Exact
CaseBuilder SEO-onderzoek,cluster lichtcases,flightcase cameo movo beam 100 8in1wheel,Exact
CaseBuilder SEO-onderzoek,cluster lichtcases,flightcase cameo phantom f5,Exact
CaseBuilder SEO-onderzoek,cluster lichtcases,flightcase cameo pixbar 650 cpro cob 4in1,Exact
CaseBuilder SEO-onderzoek,cluster lichtcases,flightcase cameo ts 40 half coupler 6in1,Exact
CaseBuilder SEO-onderzoek,cluster lichtcases,flightcase chauvet maverick,Exact
CaseBuilder SEO-onderzoek,cluster lichtcases,flightcase clay paky a leda b eye k20,Exact
CaseBuilder SEO-onderzoek,cluster lichtcases,flightcase clay paky a leda wash k10,Exact
CaseBuilder SEO-onderzoek,cluster lichtcases,flightcase clay paky a leda wash k20,Exact
CaseBuilder SEO-onderzoek,cluster lichtcases,flightcase clay paky axcor 400,Exact
CaseBuilder SEO-onderzoek,cluster lichtcases,flightcase clay paky axcor 600,Exact
CaseBuilder SEO-onderzoek,cluster lichtcases,flightcase clay paky mythos,Exact
CaseBuilder SEO-onderzoek,cluster lichtcases,flightcase clay paky scenius,Exact
CaseBuilder SEO-onderzoek,cluster lichtcases,flightcase clay paky spheriscan,Exact
CaseBuilder SEO-onderzoek,cluster lichtcases,flightcase clay paky stormy,Exact
CaseBuilder SEO-onderzoek,cluster lichtcases,flightcase dts jack spot,Exact
CaseBuilder SEO-onderzoek,cluster lichtcases,flightcase dts xr300 beam,Exact
CaseBuilder SEO-onderzoek,cluster lichtcases,flightcase elation kl panel 2in1 rg,Exact
CaseBuilder SEO-onderzoek,cluster lichtcases,flightcase elation kl panel 4in1,Exact
CaseBuilder SEO-onderzoek,cluster lichtcases,flightcase elation kl panel xl 2,Exact
CaseBuilder SEO-onderzoek,cluster lichtcases,flightcase elation nx2,Exact
CaseBuilder SEO-onderzoek,cluster lichtcases,flightcase elation nx4,Exact
CaseBuilder SEO-onderzoek,cluster lichtcases,flightcase elation platinum flx,Exact
CaseBuilder SEO-onderzoek,cluster lichtcases,flightcase elation smarty hybrid,Exact
CaseBuilder SEO-onderzoek,cluster lichtcases,flightcase elation tvl panel,Exact
CaseBuilder SEO-onderzoek,cluster lichtcases,flightcase elation tvl panel dw 4in1,Exact
CaseBuilder SEO-onderzoek,cluster lichtcases,flightcase etc congo jr wing,Exact
CaseBuilder SEO-onderzoek,cluster lichtcases,flightcase etc fader wing,Exact
CaseBuilder SEO-onderzoek,cluster lichtcases,flightcase etc s4 led zoom 15 30,Exact
CaseBuilder SEO-onderzoek,cluster lichtcases,flightcase etc source four led,Exact
CaseBuilder SEO-onderzoek,cluster lichtcases,flightcase etc source four led series 3 lustr x8,Exact
CaseBuilder SEO-onderzoek,cluster lichtcases,flightcase eurolite dynamic fog 1200,Exact
CaseBuilder SEO-onderzoek,cluster lichtcases,flightcase eurolite led laser derby mk2,Exact
CaseBuilder SEO-onderzoek,cluster lichtcases,flightcase glp highlander,Exact
CaseBuilder SEO-onderzoek,cluster lichtcases,flightcase glp jdc burst 1,Exact
CaseBuilder SEO-onderzoek,cluster lichtcases,flightcase kinetic lights winch l,Exact
CaseBuilder SEO-onderzoek,cluster lichtcases,flightcase kinetic lights winde,Exact
CaseBuilder SEO-onderzoek,cluster lichtcases,flightcase led par 64,Exact
CaseBuilder SEO-onderzoek,cluster lichtcases,flightcase led par 64 long 6in1,Exact
CaseBuilder SEO-onderzoek,cluster lichtcases,flightcase led par 64 long 8in1,Exact
CaseBuilder SEO-onderzoek,cluster lichtcases,flightcase litecraft at3 led studio par,Exact
CaseBuilder SEO-onderzoek,cluster lichtcases,flightcase look unique 2 1 hazer rookmachine,Exact
CaseBuilder SEO-onderzoek,cluster lichtcases,flightcase martin era 150 6,Exact
CaseBuilder SEO-onderzoek,cluster lichtcases,flightcase martin era 300 profile,Exact
CaseBuilder SEO-onderzoek,cluster lichtcases,flightcase martin jem zr35 rookmachine,Exact
CaseBuilder SEO-onderzoek,cluster lichtcases,flightcase martin jem zr45 rookmachine,Exact
CaseBuilder SEO-onderzoek,cluster lichtcases,flightcase martin mac axiom hybrid,Exact
CaseBuilder SEO-onderzoek,cluster lichtcases,flightcase martin rush mh 3 beam,Exact
CaseBuilder SEO-onderzoek,cluster lichtcases,flightcase martin rush mh4,Exact
CaseBuilder SEO-onderzoek,cluster lichtcases,flightcase mega bottle carrier,Exact
CaseBuilder SEO-onderzoek,cluster lichtcases,flightcase prolights dimaond 37,Exact
CaseBuilder SEO-onderzoek,cluster lichtcases,flightcase robe bmfl washbeam,Exact
CaseBuilder SEO-onderzoek,cluster lichtcases,flightcase robe cycfx,Exact
CaseBuilder SEO-onderzoek,cluster lichtcases,flightcase robe pointe,Exact
CaseBuilder SEO-onderzoek,cluster lichtcases,flightcase robe robin 300 600 spot wash beam,Exact
CaseBuilder SEO-onderzoek,cluster lichtcases,flightcase robe robin mmx spot,Exact
CaseBuilder SEO-onderzoek,cluster lichtcases,flightcase scheinwerfer flex uni,Exact
CaseBuilder SEO-onderzoek,cluster lichtcases,flightcase showtec half mirror 40,Exact
CaseBuilder SEO-onderzoek,cluster lichtcases,flightcase showtec infinity iw 720 led wash,Exact
CaseBuilder SEO-onderzoek,cluster lichtcases,flightcase showtec sunstrip active,Exact
CaseBuilder SEO-onderzoek,cluster lichtcases,flightcase smart metals light series staender 55,Exact
CaseBuilder SEO-onderzoek,cluster lichtcases,flightcase spiegelbol 1 meter,Exact
CaseBuilder SEO-onderzoek,cluster lichtcases,flightcase spotlight combi 12 zw zoom 8in1,Exact
CaseBuilder SEO-onderzoek,cluster lichtcases,flightcase spotlight sintesi figura 12 zs,Exact
CaseBuilder SEO-onderzoek,cluster lichtcases,flightcase spotlight vedette 12 m,Exact
CaseBuilder SEO-onderzoek,cluster lichtcases,flightcase stairville fs x350 led spot,Exact
CaseBuilder SEO-onderzoek,cluster lichtcases,flightcase stairville sf 1000 mkii fog machine 1200w,Exact
CaseBuilder SEO-onderzoek,cluster lichtcases,flightcase stairville wild wash 132,Exact
CaseBuilder SEO-onderzoek,cluster lichtcases,flightcase tbv 2x adamson s10 s119 riggingframe beam,Exact
CaseBuilder SEO-onderzoek,cluster lichtcases,flightcase tbv 8x astera ax5 tripplepar,Exact
CaseBuilder SEO-onderzoek,cluster lichtcases,flightcase vari lite vl 3015lt spot,Exact
CaseBuilder SEO-onderzoek,cluster lichtcases,flightcase vari lite vl 4000 beam,Exact
CaseBuilder SEO-onderzoek,cluster lichtcases,flightcase varytec led ball 50,Exact
CaseBuilder SEO-onderzoek,cluster lichtcases,flightcase varytec wind up 85kg,Exact
CaseBuilder SEO-onderzoek,cluster lichtcases,flightcase voor 2x adj focus spot 7z,Exact
CaseBuilder SEO-onderzoek,cluster lichtcases,flightcase voor 2x adj vizi beam 12rx,Exact
CaseBuilder SEO-onderzoek,cluster lichtcases,flightcase voor 2x adj vizi beam cmy,Exact
CaseBuilder SEO-onderzoek,cluster lichtcases,flightcase voor 2x chauvet maverick mk1 spot,Exact
CaseBuilder SEO-onderzoek,cluster lichtcases,flightcase voor 2x eurolite led ip tmh w285 hypno wash,Exact
CaseBuilder SEO-onderzoek,cluster lichtcases,flightcase voor 2x showtec phantom 250 spot,Exact
CaseBuilder SEO-onderzoek,cluster lichtcases,flightcase voor 4x adj focus flex spot,Exact
CaseBuilder SEO-onderzoek,cluster lichtcases,flightcase voor 4x robe robin ledbeam 150,Exact
CaseBuilder SEO-onderzoek,cluster lichtcases,flightcase voor 6x adj focus flex spot,Exact
CaseBuilder SEO-onderzoek,cluster lichtcases,geschikte koffer voor 4x varytec kleuren nervestrobe hp,Exact
CaseBuilder SEO-onderzoek,cluster lichtcases,kist voor 2 showtec phantom 3r hybrids,Exact
CaseBuilder SEO-onderzoek,cluster lichtcases,kist voor 2 stuks adj sweeper beam quad led,Exact
CaseBuilder SEO-onderzoek,cluster lichtcases,kistkoffer voor 2x adj fog fury jett pro rookmachines,Exact
CaseBuilder SEO-onderzoek,cluster lichtcases,koffer met afneembaar deksel voor warmtelampbrug,Exact
CaseBuilder SEO-onderzoek,cluster lichtcases,koffer motorkap cameo steam wizard 2000,Exact
CaseBuilder SEO-onderzoek,cluster lichtcases,l case etc hedge hog 4x,Exact
CaseBuilder SEO-onderzoek,cluster lichtcases,levende kist 2x eliminator stryker beam moving heads,Exact
CaseBuilder SEO-onderzoek,cluster lichtcases,professionele borstkoffer voor apelabs marvel spots 6 in 1,Exact
CaseBuilder SEO-onderzoek,cluster lichtcases,professionele kist voor pixlip expo light,Exact
CaseBuilder SEO-onderzoek,cluster lichtcases,roadcase 6x litecraft bx 7 beamx 7,Exact
CaseBuilder SEO-onderzoek,cluster lichtcases,roadcase litecraft beamx 7 6in1 wheel,Exact
CaseBuilder SEO-onderzoek,cluster lichtcases,robuuste borstkoffer martin mac one sip set van 4,Exact
CaseBuilder SEO-onderzoek,cluster lichtcases,smart metals light series trolley,Exact
CaseBuilder SEO-onderzoek,cluster lichtcases,trunk case voor 4x varytec beamstick 40,Exact
CaseBuilder SEO-onderzoek,cluster speaker- en audiocases,audio flightcase,Exact
CaseBuilder SEO-onderzoek,cluster speaker- en audiocases,luidspreker flightcase,Exact
CaseBuilder SEO-onderzoek,cluster speaker- en audiocases,microfoon flightcase,Exact
CaseBuilder SEO-onderzoek,cluster speaker- en audiocases,speaker flightcase,Exact
CaseBuilder SEO-onderzoek,cluster speaker- en audiocases,flightcase audio,Exact
CaseBuilder SEO-onderzoek,cluster speaker- en audiocases,speakerkist,Exact
CaseBuilder SEO-onderzoek,cluster speaker- en audiocases,flightcase alcons,Exact
CaseBuilder SEO-onderzoek,cluster speaker- en audiocases,flightcase db technologies,Exact
CaseBuilder SEO-onderzoek,cluster speaker- en audiocases,flightcase eaw,Exact
CaseBuilder SEO-onderzoek,cluster speaker- en audiocases,flightcase fbt,Exact
CaseBuilder SEO-onderzoek,cluster speaker- en audiocases,flightcase fohhn,Exact
CaseBuilder SEO-onderzoek,cluster speaker- en audiocases,flightcase genz benz,Exact
CaseBuilder SEO-onderzoek,cluster speaker- en audiocases,flightcase jbl,Exact
CaseBuilder SEO-onderzoek,cluster speaker- en audiocases,flightcase l acoustics,Exact
CaseBuilder SEO-onderzoek,cluster speaker- en audiocases,flightcase ld systems,Exact
CaseBuilder SEO-onderzoek,cluster speaker- en audiocases,flightcase meyer sound,Exact
CaseBuilder SEO-onderzoek,cluster speaker- en audiocases,flightcase mikrofone stative,Exact
CaseBuilder SEO-onderzoek,cluster speaker- en audiocases,flightcase motorola,Exact
CaseBuilder SEO-onderzoek,cluster speaker- en audiocases,flightcase nexo,Exact
CaseBuilder SEO-onderzoek,cluster speaker- en audiocases,flightcase rcf,Exact
CaseBuilder SEO-onderzoek,cluster speaker- en audiocases,flightcase shure,Exact
CaseBuilder SEO-onderzoek,cluster speaker- en audiocases,flightcase sls,Exact
CaseBuilder SEO-onderzoek,cluster speaker- en audiocases,flightcase ton,Exact
CaseBuilder SEO-onderzoek,cluster speaker- en audiocases,flightcase turbosound,Exact
CaseBuilder SEO-onderzoek,cluster speaker- en audiocases,flightcase tw audio,Exact
CaseBuilder SEO-onderzoek,cluster speaker- en audiocases,3u rack met schuifpaneel voor db audiotechnik d25,Exact
CaseBuilder SEO-onderzoek,cluster speaker- en audiocases,case 10x shure mxc speech wheel,Exact
CaseBuilder SEO-onderzoek,cluster speaker- en audiocases,case 2x db technologies ingenia ig4t,Exact
CaseBuilder SEO-onderzoek,cluster speaker- en audiocases,case 2x db tecnologies lvx xm12 wheel,Exact
CaseBuilder SEO-onderzoek,cluster speaker- en audiocases,case 2x ld systems maui 44 g2,Exact
CaseBuilder SEO-onderzoek,cluster speaker- en audiocases,case 2x mag audio nx12a speaker wheel,Exact
CaseBuilder SEO-onderzoek,cluster speaker- en audiocases,case 2x meyer sound mjf 208 wheel,Exact
CaseBuilder SEO-onderzoek,cluster speaker- en audiocases,case 2x meyer sound ultra x40 wheel,Exact
CaseBuilder SEO-onderzoek,cluster speaker- en audiocases,case 2x sennheiser l300 10 10,Exact
CaseBuilder SEO-onderzoek,cluster speaker- en audiocases,case 2xshure sm7bfungeneration pop1,Exact
CaseBuilder SEO-onderzoek,cluster speaker- en audiocases,case bose f1 subwoofer bose f1 model 812,Exact
CaseBuilder SEO-onderzoek,cluster speaker- en audiocases,case db audio e 12 2in1,Exact
CaseBuilder SEO-onderzoek,cluster speaker- en audiocases,case db technologies es508 802 2in1,Exact
CaseBuilder SEO-onderzoek,cluster speaker- en audiocases,case hk audio linear 3 112 xa 2in1 rg,Exact
CaseBuilder SEO-onderzoek,cluster speaker- en audiocases,case hk audio premium pro 12m,Exact
CaseBuilder SEO-onderzoek,cluster speaker- en audiocases,case jbl eon one compact eer,Exact
CaseBuilder SEO-onderzoek,cluster speaker- en audiocases,case kling freitag sequenza 5n w 3in1,Exact
CaseBuilder SEO-onderzoek,cluster speaker- en audiocases,case ld systems maui 44 g2 sub,Exact
CaseBuilder SEO-onderzoek,cluster speaker- en audiocases,case ld systems sat 62a g2 2in1,Exact
CaseBuilder SEO-onderzoek,cluster speaker- en audiocases,case meyer sound upa 1pwheel,Exact
CaseBuilder SEO-onderzoek,cluster speaker- en audiocases,case rcf ttl 6a fl b ttl 6,Exact
CaseBuilder SEO-onderzoek,cluster speaker- en audiocases,case shure blx24 sm58 s8 set 4in1,Exact
CaseBuilder SEO-onderzoek,cluster speaker- en audiocases,case shure mxcw 640 micriphone 30in1 wheel,Exact
CaseBuilder SEO-onderzoek,cluster speaker- en audiocases,case turbosound nuq122 an,Exact
CaseBuilder SEO-onderzoek,cluster speaker- en audiocases,db audiotechnik e8 2 in 1 koffer,Exact
CaseBuilder SEO-onderzoek,cluster speaker- en audiocases,flightcase 20x km 210 9 stativ,Exact
CaseBuilder SEO-onderzoek,cluster speaker- en audiocases,flightcase 20x shure mxcw 640 speech wheel,Exact
CaseBuilder SEO-onderzoek,cluster speaker- en audiocases,flightcase 2x db t 10 wheel,Exact
CaseBuilder SEO-onderzoek,cluster speaker- en audiocases,flightcase 2x db technologies k70,Exact
CaseBuilder SEO-onderzoek,cluster speaker- en audiocases,flightcase 2x db technologies vio 10x,Exact
CaseBuilder SEO-onderzoek,cluster speaker- en audiocases,flightcase 2x db xsl z5778,Exact
CaseBuilder SEO-onderzoek,cluster speaker- en audiocases,flightcase 2x jbl vrx932 lap wheel,Exact
CaseBuilder SEO-onderzoek,cluster speaker- en audiocases,flightcase 2x l acoustics a15 focus wide luidspreker,Exact
CaseBuilder SEO-onderzoek,cluster speaker- en audiocases,flightcase 2x l acoustics syva,Exact
CaseBuilder SEO-onderzoek,cluster speaker- en audiocases,flightcase 2x ld systems stinger 15a g3 wheel,Exact
CaseBuilder SEO-onderzoek,cluster speaker- en audiocases,flightcase 2x m audio bx5 d3,Exact
CaseBuilder SEO-onderzoek,cluster speaker- en audiocases,flightcase 2x rcf nx 15 sma wheel,Exact
CaseBuilder SEO-onderzoek,cluster speaker- en audiocases,flightcase 2x rcf nxl 44a mk2,Exact
CaseBuilder SEO-onderzoek,cluster speaker- en audiocases,flightcase 2x rcf tt 10a,Exact
CaseBuilder SEO-onderzoek,cluster speaker- en audiocases,flightcase 2x rcf tt 25 cxa,Exact
CaseBuilder SEO-onderzoek,cluster speaker- en audiocases,flightcase 2x sennheiser mat 133,Exact
CaseBuilder SEO-onderzoek,cluster speaker- en audiocases,flightcase 2x turbosound tfx122m an wheel,Exact
CaseBuilder SEO-onderzoek,cluster speaker- en audiocases,flightcase 4x db audio 44s,Exact
CaseBuilder SEO-onderzoek,cluster speaker- en audiocases,flightcase 4x db xsl8 wheel,Exact
CaseBuilder SEO-onderzoek,cluster speaker- en audiocases,flightcase 4x km 26735 statief roundbases,Exact
CaseBuilder SEO-onderzoek,cluster speaker- en audiocases,flightcase 4x l acoustics a15 focus,Exact
CaseBuilder SEO-onderzoek,cluster speaker- en audiocases,flightcase 4x shure ulxd8 shure mx415 df,Exact
CaseBuilder SEO-onderzoek,cluster speaker- en audiocases,flightcase afdekkap 2x hk audio l5 112 f fa lineaire,Exact
CaseBuilder SEO-onderzoek,cluster speaker- en audiocases,flightcase alcons lr16,Exact
CaseBuilder SEO-onderzoek,cluster speaker- en audiocases,flightcase dap audio core club,Exact
CaseBuilder SEO-onderzoek,cluster speaker- en audiocases,flightcase db c 602 690 6 2in1 rg,Exact
CaseBuilder SEO-onderzoek,cluster speaker- en audiocases,flightcase db e12,Exact
CaseBuilder SEO-onderzoek,cluster speaker- en audiocases,flightcase db e6,Exact
CaseBuilder SEO-onderzoek,cluster speaker- en audiocases,flightcase db e8 wheel,Exact
CaseBuilder SEO-onderzoek,cluster speaker- en audiocases,flightcase db q1,Exact
CaseBuilder SEO-onderzoek,cluster speaker- en audiocases,flightcase db q7,Exact
CaseBuilder SEO-onderzoek,cluster speaker- en audiocases,flightcase db t sub,Exact
CaseBuilder SEO-onderzoek,cluster speaker- en audiocases,flightcase db t10,Exact
CaseBuilder SEO-onderzoek,cluster speaker- en audiocases,flightcase db technologies dva m2m m2s,Exact
CaseBuilder SEO-onderzoek,cluster speaker- en audiocases,flightcase db technologies es 1203,Exact
CaseBuilder SEO-onderzoek,cluster speaker- en audiocases,flightcase db technologies flexsys fm12,Exact
CaseBuilder SEO-onderzoek,cluster speaker- en audiocases,flightcase db v8 v12,Exact
CaseBuilder SEO-onderzoek,cluster speaker- en audiocases,flightcase db y frame 2in1,Exact
CaseBuilder SEO-onderzoek,cluster speaker- en audiocases,flightcase db y7p y10p 2in1 wheel,Exact
CaseBuilder SEO-onderzoek,cluster speaker- en audiocases,flightcase db y8,Exact
CaseBuilder SEO-onderzoek,cluster speaker- en audiocases,flightcase dynaudio bm15a 2in1 wheel,Exact
CaseBuilder SEO-onderzoek,cluster speaker- en audiocases,flightcase eaw jfl 210,Exact
CaseBuilder SEO-onderzoek,cluster speaker- en audiocases,flightcase fbt vertus cla 208 604,Exact
CaseBuilder SEO-onderzoek,cluster speaker- en audiocases,flightcase fohhn waveline pt 8,Exact
CaseBuilder SEO-onderzoek,cluster speaker- en audiocases,flightcase hk audio l5 112 x wheel,Exact
CaseBuilder SEO-onderzoek,cluster speaker- en audiocases,flightcase hk audio lucas nano 600,Exact
CaseBuilder SEO-onderzoek,cluster speaker- en audiocases,flightcase hk audio polar 12,Exact
CaseBuilder SEO-onderzoek,cluster speaker- en audiocases,flightcase jbl eon one,Exact
CaseBuilder SEO-onderzoek,cluster speaker- en audiocases,flightcase jbl prx 818 xlfw,Exact
CaseBuilder SEO-onderzoek,cluster speaker- en audiocases,flightcase jbl vertec 4886,Exact
CaseBuilder SEO-onderzoek,cluster speaker- en audiocases,flightcase l acoustic syva low sub,Exact
CaseBuilder SEO-onderzoek,cluster speaker- en audiocases,flightcase l acoustics a 10 wide focus rg,Exact
CaseBuilder SEO-onderzoek,cluster speaker- en audiocases,flightcase l acoustics a10 focus 2,Exact
CaseBuilder SEO-onderzoek,cluster speaker- en audiocases,flightcase l acoustics a15 focus,Exact
CaseBuilder SEO-onderzoek,cluster speaker- en audiocases,flightcase l acoustics a15 wide,Exact
CaseBuilder SEO-onderzoek,cluster speaker- en audiocases,flightcase l acoustics x12 2in1,Exact
CaseBuilder SEO-onderzoek,cluster speaker- en audiocases,flightcase ld systems maui 44 g2,Exact
CaseBuilder SEO-onderzoek,cluster speaker- en audiocases,flightcase ld systems maui p900,Exact
CaseBuilder SEO-onderzoek,cluster speaker- en audiocases,flightcase m audio hammer 88,Exact
CaseBuilder SEO-onderzoek,cluster speaker- en audiocases,flightcase meyer sound 900 lfc wheel,Exact
CaseBuilder SEO-onderzoek,cluster speaker- en audiocases,flightcase meyersound melodie,Exact
CaseBuilder SEO-onderzoek,cluster speaker- en audiocases,flightcase moog sub 37 tribute edition,Exact
CaseBuilder SEO-onderzoek,cluster speaker- en audiocases,flightcase motorola dp2400 e,Exact
CaseBuilder SEO-onderzoek,cluster speaker- en audiocases,flightcase nexo geo s 12 1,Exact
CaseBuilder SEO-onderzoek,cluster speaker- en audiocases,flightcase nexo geo s 12 2,Exact
CaseBuilder SEO-onderzoek,cluster speaker- en audiocases,flightcase nexo ps15 bassextender,Exact
CaseBuilder SEO-onderzoek,cluster speaker- en audiocases,flightcase pan acoustic speaker,Exact
CaseBuilder SEO-onderzoek,cluster speaker- en audiocases,flightcase pro line rcf tt 515 rcf tt808,Exact
CaseBuilder SEO-onderzoek,cluster speaker- en audiocases,flightcase professionele afzuigkap voor 2x kling freitag gravis 15 w,Exact
CaseBuilder SEO-onderzoek,cluster speaker- en audiocases,flightcase rcf e 12,Exact
CaseBuilder SEO-onderzoek,cluster speaker- en audiocases,flightcase rcf f 12 xr,Exact
CaseBuilder SEO-onderzoek,cluster speaker- en audiocases,flightcase rcf f 16 xr,Exact
CaseBuilder SEO-onderzoek,cluster speaker- en audiocases,flightcase rcf hdl 36as,Exact
CaseBuilder SEO-onderzoek,cluster speaker- en audiocases,flightcase rcf l pad 12cx,Exact
CaseBuilder SEO-onderzoek,cluster speaker- en audiocases,flightcase rcf nx 910 a 2in1 wheel,Exact
CaseBuilder SEO-onderzoek,cluster speaker- en audiocases,flightcase rcf sub 8004 as wheel,Exact
CaseBuilder SEO-onderzoek,cluster speaker- en audiocases,flightcase rcf tt 22 a mk ii 2in1 wheel,Exact
CaseBuilder SEO-onderzoek,cluster speaker- en audiocases,flightcase rcf ttl33 a,Exact
CaseBuilder SEO-onderzoek,cluster speaker- en audiocases,flightcase schubladen stative slc,Exact
CaseBuilder SEO-onderzoek,cluster speaker- en audiocases,flightcase shure microflex,Exact
CaseBuilder SEO-onderzoek,cluster speaker- en audiocases,flightcase shure microflex complete wireless mxcw640 20,Exact
CaseBuilder SEO-onderzoek,cluster speaker- en audiocases,flightcase sls audio ls 8800,Exact
CaseBuilder SEO-onderzoek,cluster speaker- en audiocases,flightcase tbv 4x adamson s10 speaker,Exact
CaseBuilder SEO-onderzoek,cluster speaker- en audiocases,flightcase turbosound txd 15m,Exact
CaseBuilder SEO-onderzoek,cluster speaker- en audiocases,flightcase tw audio t20,Exact
CaseBuilder SEO-onderzoek,cluster speaker- en audiocases,flightcase udo audio super 6,Exact
CaseBuilder SEO-onderzoek,cluster speaker- en audiocases,hood case voor 2 x fohhn audio xm 4 speakers,Exact
CaseBuilder SEO-onderzoek,cluster speaker- en audiocases,hoodcase ld systems stinger sub 18,Exact
CaseBuilder SEO-onderzoek,cluster speaker- en audiocases,hoodcase ld systems stinger sub 18 g3,Exact
CaseBuilder SEO-onderzoek,cluster speaker- en audiocases,hoodcase rcf sub 8006 as,Exact
CaseBuilder SEO-onderzoek,cluster speaker- en audiocases,koffercase shure blx2 pg58 s8 6in1,Exact
CaseBuilder SEO-onderzoek,cluster speaker- en audiocases,l acoustics a 15 bump 2 in 1 trunk case,Exact
CaseBuilder SEO-onderzoek,cluster speaker- en audiocases,mikro stativ case 1050 6in1 eeb,Exact
CaseBuilder SEO-onderzoek,cluster speaker- en audiocases,mikrophonstativ case,Exact
CaseBuilder SEO-onderzoek,cluster speaker- en audiocases,mikrostativ case for 15 stands,Exact
CaseBuilder SEO-onderzoek,cluster speaker- en audiocases,professionele koffer voor 2x ld systems maui 5,Exact
CaseBuilder SEO-onderzoek,cluster speaker- en audiocases,shure microflex complete wireless mxcw640 5 trolley,Exact
CaseBuilder SEO-onderzoek,cluster speaker- en audiocases,statieven flightcase voor 25x statief,Exact
CaseBuilder SEO-onderzoek,cluster speaker- en audiocases,transportkoffer voor 4 l acoustics 5xt luidsprekers accessoirevak,Exact
CaseBuilder SEO-onderzoek,cluster speaker- en audiocases,transportkoffer voor logitech group 2 uitbreidingsmicrofoons,Exact
CaseBuilder SEO-onderzoek,cluster speaker- en audiocases,trolly case sennheiser lsp 500,Exact
CaseBuilder SEO-onderzoek,cluster 19 inch racks,19 inch rack,Exact
CaseBuilder SEO-onderzoek,cluster 19 inch racks,19 racks,Exact
CaseBuilder SEO-onderzoek,cluster 19 inch racks,server rack,Exact
CaseBuilder SEO-onderzoek,cluster 19 inch racks,19 inch flightcase,Exact
CaseBuilder SEO-onderzoek,cluster 19 inch racks,rackcase,Exact
CaseBuilder SEO-onderzoek,cluster 19 inch racks,flightcase rack,Exact
CaseBuilder SEO-onderzoek,cluster 19 inch racks,shockmount rack,Exact
CaseBuilder SEO-onderzoek,cluster 19 inch racks,19 inch rack cases,Exact
CaseBuilder SEO-onderzoek,cluster 19 inch racks,12u rack rail,Exact
CaseBuilder SEO-onderzoek,cluster 19 inch racks,20u rack rail,Exact
CaseBuilder SEO-onderzoek,cluster 19 inch racks,abs rack,Exact
CaseBuilder SEO-onderzoek,cluster 19 inch racks,aluminium rack,Exact
CaseBuilder SEO-onderzoek,cluster 19 inch racks,cpa rack,Exact
CaseBuilder SEO-onderzoek,cluster 19 inch racks,foh drive rack,Exact
CaseBuilder SEO-onderzoek,cluster 19 inch racks,skb roto rack,Exact
CaseBuilder SEO-onderzoek,cluster 19 inch racks,slam rack,Exact
CaseBuilder SEO-onderzoek,cluster 19 inch racks,19 artikelen,Exact
CaseBuilder SEO-onderzoek,cluster 19 inch racks,19 inch rack 2,Exact
CaseBuilder SEO-onderzoek,cluster 19 inch racks,19& 8243 racks,Exact
CaseBuilder SEO-onderzoek,cluster 19 inch racks,binnenracken,Exact
CaseBuilder SEO-onderzoek,cluster 19 inch racks,rackcases,Exact
CaseBuilder SEO-onderzoek,cluster 19 inch racks,10u eco wood rack 40,Exact
CaseBuilder SEO-onderzoek,cluster 19 inch racks,10u live rack,Exact
CaseBuilder SEO-onderzoek,cluster 19 inch racks,10u live rack 50 rsh col wheel,Exact
CaseBuilder SEO-onderzoek,cluster 19 inch racks,10u live rack rail,Exact
CaseBuilder SEO-onderzoek,cluster 19 inch racks,10u studio rack eco 38,Exact
CaseBuilder SEO-onderzoek,cluster 19 inch racks,11u l rack 60,Exact
CaseBuilder SEO-onderzoek,cluster 19 inch racks,12he live rack 50 rsh,Exact
CaseBuilder SEO-onderzoek,cluster 19 inch racks,12u it rack 80 wheel,Exact
CaseBuilder SEO-onderzoek,cluster 19 inch racks,12u live rack 40,Exact
CaseBuilder SEO-onderzoek,cluster 19 inch racks,12u live rack 45,Exact
CaseBuilder SEO-onderzoek,cluster 19 inch racks,12u live rack 45 wheel,Exact
CaseBuilder SEO-onderzoek,cluster 19 inch racks,14u rack rail,Exact
CaseBuilder SEO-onderzoek,cluster 19 inch racks,14u system rack 600 sd shock wheel,Exact
CaseBuilder SEO-onderzoek,cluster 19 inch racks,15u heavy shockmount it rack 60,Exact
CaseBuilder SEO-onderzoek,cluster 19 inch racks,15u live rack 40,Exact
CaseBuilder SEO-onderzoek,cluster 19 inch racks,15u live rack 45,Exact
CaseBuilder SEO-onderzoek,cluster 19 inch racks,15u live rack 45 wheel,Exact
CaseBuilder SEO-onderzoek,cluster 19 inch racks,16he profi system rack 600 sd,Exact
CaseBuilder SEO-onderzoek,cluster 19 inch racks,16u it rack 80 wheel,Exact
CaseBuilder SEO-onderzoek,cluster 19 inch racks,16u l rack behr wing compact rg,Exact
CaseBuilder SEO-onderzoek,cluster 19 inch racks,16u rack rail,Exact
CaseBuilder SEO-onderzoek,cluster 19 inch racks,16u studio rack eco 38,Exact
CaseBuilder SEO-onderzoek,cluster 19 inch racks,18he l rack rack 75 rg hd,Exact
CaseBuilder SEO-onderzoek,cluster 19 inch racks,18u live rack 45,Exact
CaseBuilder SEO-onderzoek,cluster 19 inch racks,18u live rack 45 wheel,Exact
CaseBuilder SEO-onderzoek,cluster 19 inch racks,18u rack rail,Exact
CaseBuilder SEO-onderzoek,cluster 19 inch racks,19 inch aluminium rack,Exact
CaseBuilder SEO-onderzoek,cluster 19 inch racks,19 inch he rack flightcase 450mm,Exact
CaseBuilder SEO-onderzoek,cluster 19 inch racks,19 inch rack 1 2 en 3 he half diep,Exact
CaseBuilder SEO-onderzoek,cluster 19 inch racks,19 inch rack 1 en 2 he ondiep,Exact
CaseBuilder SEO-onderzoek,cluster 19 inch racks,19 inch rack 1 t m 7 he,Exact
CaseBuilder SEO-onderzoek,cluster 19 inch racks,19 inch rack kabelbak,Exact
CaseBuilder SEO-onderzoek,cluster 19 inch racks,19 mobiles regierack wheel,Exact
CaseBuilder SEO-onderzoek,cluster 19 inch racks,19 rack 10,Exact
CaseBuilder SEO-onderzoek,cluster 19 inch racks,19 rack 11,Exact
CaseBuilder SEO-onderzoek,cluster 19 inch racks,19 rack 12,Exact
CaseBuilder SEO-onderzoek,cluster 19 inch racks,19 rack 13,Exact
CaseBuilder SEO-onderzoek,cluster 19 inch racks,19 rack 14,Exact
CaseBuilder SEO-onderzoek,cluster 19 inch racks,19 rack 14 2,Exact
CaseBuilder SEO-onderzoek,cluster 19 inch racks,19 rack 2,Exact
CaseBuilder SEO-onderzoek,cluster 19 inch racks,19 rack 3,Exact
CaseBuilder SEO-onderzoek,cluster 19 inch racks,19 rack 4,Exact
CaseBuilder SEO-onderzoek,cluster 19 inch racks,19 rack 5,Exact
CaseBuilder SEO-onderzoek,cluster 19 inch racks,19 rack 6,Exact
CaseBuilder SEO-onderzoek,cluster 19 inch racks,19 rack 7,Exact
CaseBuilder SEO-onderzoek,cluster 19 inch racks,19 rack 8,Exact
CaseBuilder SEO-onderzoek,cluster 19 inch racks,19 rack 9,Exact
CaseBuilder SEO-onderzoek,cluster 19 inch racks,19 rackcase 3he,Exact
CaseBuilder SEO-onderzoek,cluster 19 inch racks,19 rackcase 4he,Exact
CaseBuilder SEO-onderzoek,cluster 19 inch racks,19 rackcase 5he,Exact
CaseBuilder SEO-onderzoek,cluster 19 inch racks,19 rackwanne 1 he,Exact
CaseBuilder SEO-onderzoek,cluster 19 inch racks,20he l rack 75 rg hd,Exact
CaseBuilder SEO-onderzoek,cluster 19 inch racks,20u live rack,Exact
CaseBuilder SEO-onderzoek,cluster 19 inch racks,20u live rack 45 wheel,Exact
CaseBuilder SEO-onderzoek,cluster 19 inch racks,20u sindle door rack 45wheel,Exact
CaseBuilder SEO-onderzoek,cluster 19 inch racks,20u studio rack eco 38,Exact
CaseBuilder SEO-onderzoek,cluster 19 inch racks,22u rack profi 45 wheel,Exact
CaseBuilder SEO-onderzoek,cluster 19 inch racks,2he eco ii compact rack 23,Exact
CaseBuilder SEO-onderzoek,cluster 19 inch racks,2he eco ii rack 36,Exact
CaseBuilder SEO-onderzoek,cluster 19 inch racks,2he eco rack 32,Exact
CaseBuilder SEO-onderzoek,cluster 19 inch racks,2u eco wood rack 40,Exact
CaseBuilder SEO-onderzoek,cluster 19 inch racks,2u eco wood rack 48,Exact
CaseBuilder SEO-onderzoek,cluster 19 inch racks,2u live double door rack 40,Exact
CaseBuilder SEO-onderzoek,cluster 19 inch racks,2u live rack 40,Exact
CaseBuilder SEO-onderzoek,cluster 19 inch racks,2u rack met dubbele deur 95 inch variabele breedte,Exact
CaseBuilder SEO-onderzoek,cluster 19 inch racks,3he 19 kunstsof rackcase,Exact
CaseBuilder SEO-onderzoek,cluster 19 inch racks,3he eco ii compact rack 23 phenol,Exact
CaseBuilder SEO-onderzoek,cluster 19 inch racks,3u eco ii rack 36,Exact
CaseBuilder SEO-onderzoek,cluster 19 inch racks,3u eco wood rack 40,Exact
CaseBuilder SEO-onderzoek,cluster 19 inch racks,3u live rack 40,Exact
CaseBuilder SEO-onderzoek,cluster 19 inch racks,3u live rack 40 2,Exact
CaseBuilder SEO-onderzoek,cluster 19 inch racks,4he eco wood rack 40,Exact
CaseBuilder SEO-onderzoek,cluster 19 inch racks,4he live triple door rack 52,Exact
CaseBuilder SEO-onderzoek,cluster 19 inch racks,4u eco ii compact rack,Exact
CaseBuilder SEO-onderzoek,cluster 19 inch racks,4u eco ii rack 36,Exact
CaseBuilder SEO-onderzoek,cluster 19 inch racks,4u live angle rack 45,Exact
CaseBuilder SEO-onderzoek,cluster 19 inch racks,4u live rack 40,Exact
CaseBuilder SEO-onderzoek,cluster 19 inch racks,5he eco ii rack 36,Exact
CaseBuilder SEO-onderzoek,cluster 19 inch racks,5he live winkel rack 55 ra,Exact
CaseBuilder SEO-onderzoek,cluster 19 inch racks,5he triple door rack eco 45,Exact
CaseBuilder SEO-onderzoek,cluster 19 inch racks,5u eco ii compact rack 23,Exact
CaseBuilder SEO-onderzoek,cluster 19 inch racks,5u eco ii rack 36,Exact
CaseBuilder SEO-onderzoek,cluster 19 inch racks,5u eco wood rack 40,Exact
CaseBuilder SEO-onderzoek,cluster 19 inch racks,5u live rack 40,Exact
CaseBuilder SEO-onderzoek,cluster 19 inch racks,6he live rack 40 pvc,Exact
CaseBuilder SEO-onderzoek,cluster 19 inch racks,6hu live winkel rack 50 ra,Exact
CaseBuilder SEO-onderzoek,cluster 19 inch racks,6u eco ii rack 36,Exact
CaseBuilder SEO-onderzoek,cluster 19 inch racks,6u eco rack compact 23,Exact
CaseBuilder SEO-onderzoek,cluster 19 inch racks,6u eco wood rack 40,Exact
CaseBuilder SEO-onderzoek,cluster 19 inch racks,6u live l rack 45,Exact
CaseBuilder SEO-onderzoek,cluster 19 inch racks,6u live rack 40,Exact
CaseBuilder SEO-onderzoek,cluster 19 inch racks,6u live rack 40 backrail,Exact
CaseBuilder SEO-onderzoek,cluster 19 inch racks,6u live rack met dubbele deur 55 cm diep,Exact
CaseBuilder SEO-onderzoek,cluster 19 inch racks,6u live rack rail,Exact
CaseBuilder SEO-onderzoek,cluster 19 inch racks,6u studio rack eco 38,Exact
CaseBuilder SEO-onderzoek,cluster 19 inch racks,7he double door live rack 45,Exact
CaseBuilder SEO-onderzoek,cluster 19 inch racks,8u live rack,Exact
CaseBuilder SEO-onderzoek,cluster 19 inch racks,8u live rack rail,Exact
CaseBuilder SEO-onderzoek,cluster 19 inch racks,9 5 double door rack 4u 30,Exact
CaseBuilder SEO-onderzoek,cluster 19 inch racks,alupro 2u full size 19 rack,Exact
CaseBuilder SEO-onderzoek,cluster 19 inch racks,alupro 2u shallow 19 rack,Exact
CaseBuilder SEO-onderzoek,cluster 19 inch racks,alupro 3u full size 19 rack,Exact
CaseBuilder SEO-onderzoek,cluster 19 inch racks,alupro 3u shallow 19 rack,Exact
CaseBuilder SEO-onderzoek,cluster 19 inch racks,alupro 4u full size 19 rack,Exact
CaseBuilder SEO-onderzoek,cluster 19 inch racks,alupro 4u shallow 19 rack,Exact
CaseBuilder SEO-onderzoek,cluster 19 inch racks,alupro 5u shallow 19 rack,Exact
CaseBuilder SEO-onderzoek,cluster 19 inch racks,alupro 6u full size 19 rack,Exact
CaseBuilder SEO-onderzoek,cluster 19 inch racks,alupro 6u shallow 19 rack,Exact
CaseBuilder SEO-onderzoek,cluster 19 inch racks,atomos sumo 19 hoekrack 3u 19 rackspace,Exact
CaseBuilder SEO-onderzoek,cluster 19 inch racks,binnenracken sleufhandvat,Exact
CaseBuilder SEO-onderzoek,cluster 19 inch racks,case epson eb l1495u trolly,Exact
CaseBuilder SEO-onderzoek,cluster 19 inch racks,controller case novation launchkey 25 schlitten 2he,Exact
CaseBuilder SEO-onderzoek,cluster 19 inch racks,cpa rack tower,Exact
CaseBuilder SEO-onderzoek,cluster 19 inch racks,doppel cpa rack,Exact
CaseBuilder SEO-onderzoek,cluster 19 inch racks,double door case 2he modulrack 45,Exact
CaseBuilder SEO-onderzoek,cluster 19 inch racks,double door case for box clothes and post racks,Exact
CaseBuilder SEO-onderzoek,cluster 19 inch racks,double door case orange th 30 combo4u,Exact
CaseBuilder SEO-onderzoek,cluster 19 inch racks,double door racks,Exact
CaseBuilder SEO-onderzoek,cluster 19 inch racks,economy 19 rack,Exact
CaseBuilder SEO-onderzoek,cluster 19 inch racks,flexrack 3he,Exact
CaseBuilder SEO-onderzoek,cluster 19 inch racks,flightcase 1 deksel 2 t m 7 he,Exact
CaseBuilder SEO-onderzoek,cluster 19 inch racks,flightcase 10 t m 18 he,Exact
CaseBuilder SEO-onderzoek,cluster 19 inch racks,flightcase 19 uitschuifbare lade 1he,Exact
CaseBuilder SEO-onderzoek,cluster 19 inch racks,flightcase 1u dubbeldeursrek eco wood 36 cm kleur,Exact
CaseBuilder SEO-onderzoek,cluster 19 inch racks,flightcase 2 deksels deksel set 2 t m 7 he,Exact
CaseBuilder SEO-onderzoek,cluster 19 inch racks,flightcase 3 he t m 10 he,Exact
CaseBuilder SEO-onderzoek,cluster 19 inch racks,flightcase alupro 2u front cover,Exact
CaseBuilder SEO-onderzoek,cluster 19 inch racks,flightcase alupro 2u rear front cover,Exact
CaseBuilder SEO-onderzoek,cluster 19 inch racks,flightcase alupro 3u front cover,Exact
CaseBuilder SEO-onderzoek,cluster 19 inch racks,flightcase alupro 3u rear front cover,Exact
CaseBuilder SEO-onderzoek,cluster 19 inch racks,flightcase atem television studio pro 5u,Exact
CaseBuilder SEO-onderzoek,cluster 19 inch racks,flightcase blackmagic atem mini extreme iso 5u,Exact
CaseBuilder SEO-onderzoek,cluster 19 inch racks,flightcase chainmaster sk 030 10u,Exact
CaseBuilder SEO-onderzoek,cluster 19 inch racks,flightcase chainmaster sk 030 76u,Exact
CaseBuilder SEO-onderzoek,cluster 19 inch racks,flightcase chainmaster sk070 76u,Exact
CaseBuilder SEO-onderzoek,cluster 19 inch racks,flightcase dda 12he ebt 567mm,Exact
CaseBuilder SEO-onderzoek,cluster 19 inch racks,flightcase ddr 03he,Exact
CaseBuilder SEO-onderzoek,cluster 19 inch racks,flightcase ddr 20he 485mm,Exact
CaseBuilder SEO-onderzoek,cluster 19 inch racks,flightcase ddr 2he,Exact
CaseBuilder SEO-onderzoek,cluster 19 inch racks,flightcase ddr 4he,Exact
CaseBuilder SEO-onderzoek,cluster 19 inch racks,flightcase ddr 6he sx,Exact
CaseBuilder SEO-onderzoek,cluster 19 inch racks,flightcase ddr 7he ebt 444,Exact
CaseBuilder SEO-onderzoek,cluster 19 inch racks,flightcase dubbel 19 inch uitschuif werkblad,Exact
CaseBuilder SEO-onderzoek,cluster 19 inch racks,flightcase enkel 19 inch uitschuif werkblad,Exact
CaseBuilder SEO-onderzoek,cluster 19 inch racks,flightcase epson eb l1495u,Exact
CaseBuilder SEO-onderzoek,cluster 19 inch racks,flightcase lueftungsblende 1he,Exact
CaseBuilder SEO-onderzoek,cluster 19 inch racks,flightcase megaflex wanne 12he 19,Exact
CaseBuilder SEO-onderzoek,cluster 19 inch racks,flightcase movecat prostage 500 4he x2,Exact
CaseBuilder SEO-onderzoek,cluster 19 inch racks,flightcase pro line chainmaster 500kg sk030 76u,Exact
CaseBuilder SEO-onderzoek,cluster 19 inch racks,flightcase stagebox 6u,Exact
CaseBuilder SEO-onderzoek,cluster 19 inch racks,flightcase stagebox 8u,Exact
CaseBuilder SEO-onderzoek,cluster 19 inch racks,flightcase triple door 10u 45 ra wheel,Exact
CaseBuilder SEO-onderzoek,cluster 19 inch racks,gestoffeerd rack 3 he t m 15,Exact
CaseBuilder SEO-onderzoek,cluster 19 inch racks,geveerd 19 inch rack 10 he t m 16 he,Exact
CaseBuilder SEO-onderzoek,cluster 19 inch racks,koffer signora,Exact
CaseBuilder SEO-onderzoek,cluster 19 inch racks,koffer signora 2,Exact
CaseBuilder SEO-onderzoek,cluster 19 inch racks,l rack 12u 55,Exact
CaseBuilder SEO-onderzoek,cluster 19 inch racks,l rack 16he 55 ra wheel,Exact
CaseBuilder SEO-onderzoek,cluster 19 inch racks,l rack 16u 45 wheel,Exact
CaseBuilder SEO-onderzoek,cluster 19 inch racks,l rack 16u 50 wheel,Exact
CaseBuilder SEO-onderzoek,cluster 19 inch racks,l rack 20u 60 wheel,Exact
CaseBuilder SEO-onderzoek,cluster 19 inch racks,l rack sideboard bk,Exact
CaseBuilder SEO-onderzoek,cluster 19 inch racks,live 19 rack,Exact
CaseBuilder SEO-onderzoek,cluster 19 inch racks,megaflex 2u modulrack 45,Exact
CaseBuilder SEO-onderzoek,cluster 19 inch racks,megaflex 2u modulrack 45 rsh,Exact
CaseBuilder SEO-onderzoek,cluster 19 inch racks,megaflex 2u modulrack 45 short,Exact
CaseBuilder SEO-onderzoek,cluster 19 inch racks,megaflex 3u modulrack 45,Exact
CaseBuilder SEO-onderzoek,cluster 19 inch racks,megaflex 3u modulrack 45 rsh,Exact
CaseBuilder SEO-onderzoek,cluster 19 inch racks,megaflex 3u modulrack 45 short,Exact
CaseBuilder SEO-onderzoek,cluster 19 inch racks,megaflex 4u modulrack 45,Exact
CaseBuilder SEO-onderzoek,cluster 19 inch racks,megaflex rack 4u,Exact
CaseBuilder SEO-onderzoek,cluster 19 inch racks,mobile production rack,Exact
CaseBuilder SEO-onderzoek,cluster 19 inch racks,producer rack 23u 63wheel,Exact
CaseBuilder SEO-onderzoek,cluster 19 inch racks,prof 19 rack,Exact
CaseBuilder SEO-onderzoek,cluster 19 inch racks,rack 10u 50 profi shockmount,Exact
CaseBuilder SEO-onderzoek,cluster 19 inch racks,rack 16u profi 70 shockmount,Exact
CaseBuilder SEO-onderzoek,cluster 19 inch racks,rack 8u 50 profi shockmount,Exact
CaseBuilder SEO-onderzoek,cluster 19 inch racks,rack case 6u 12 ra,Exact
CaseBuilder SEO-onderzoek,cluster 19 inch racks,rack drawer 2u ergo,Exact
CaseBuilder SEO-onderzoek,cluster 19 inch racks,rack drawer 3u ergo,Exact
CaseBuilder SEO-onderzoek,cluster 19 inch racks,rack drawer 4u ergo,Exact
CaseBuilder SEO-onderzoek,cluster 19 inch racks,rack panel 1u brush,Exact
CaseBuilder SEO-onderzoek,cluster 19 inch racks,rack sd 10u 60 shockmountwheel,Exact
CaseBuilder SEO-onderzoek,cluster 19 inch racks,rack sd 12u 60 shockmountwheel,Exact
CaseBuilder SEO-onderzoek,cluster 19 inch racks,rack sd 6u 60 shockmountwheel,Exact
CaseBuilder SEO-onderzoek,cluster 19 inch racks,rack sd 8u 60 shockmountwheel,Exact
CaseBuilder SEO-onderzoek,cluster 19 inch racks,rack sl d 3u 50 shockmount,Exact
CaseBuilder SEO-onderzoek,cluster 19 inch racks,rack sl d 4u 50 shockmount,Exact
CaseBuilder SEO-onderzoek,cluster 19 inch racks,rack sl d 6u 50 shockmount,Exact
CaseBuilder SEO-onderzoek,cluster 19 inch racks,rack sl d 8u 50 shockmount,Exact
CaseBuilder SEO-onderzoek,cluster 19 inch racks,rackcase samenstellen,Exact
CaseBuilder SEO-onderzoek,cluster 19 inch racks,rackdeur 19 inch slamlock,Exact
CaseBuilder SEO-onderzoek,cluster 19 inch racks,rackladen,Exact
CaseBuilder SEO-onderzoek,cluster 19 inch racks,rackpaneel blind u shaped aluminium,Exact
CaseBuilder SEO-onderzoek,cluster 19 inch racks,shockmount rack 20u 60 wheel,Exact
CaseBuilder SEO-onderzoek,cluster 19 inch racks,skb 3rr shock rack,Exact
CaseBuilder SEO-onderzoek,cluster 19 inch racks,skb 3rs shock rack,Exact
CaseBuilder SEO-onderzoek,cluster 19 inch racks,slam rack 2,Exact
CaseBuilder SEO-onderzoek,cluster 19 inch racks,slam rack 3,Exact
CaseBuilder SEO-onderzoek,cluster 19 inch racks,slam rack 4,Exact
CaseBuilder SEO-onderzoek,cluster 19 inch racks,slam rack 5,Exact
CaseBuilder SEO-onderzoek,cluster 19 inch racks,slam rack 6,Exact
CaseBuilder SEO-onderzoek,cluster 19 inch racks,slam rack 7,Exact
CaseBuilder SEO-onderzoek,cluster 19 inch racks,slam rack 8,Exact
CaseBuilder SEO-onderzoek,cluster 19 inch racks,studio desktop 2he rack oak,Exact
CaseBuilder SEO-onderzoek,cluster 19 inch racks,studio desktop 2u rack beech,Exact
CaseBuilder SEO-onderzoek,cluster 19 inch racks,studio desktop 2u rack maple,Exact
CaseBuilder SEO-onderzoek,cluster 19 inch racks,studio desktop 3he rack oak,Exact
CaseBuilder SEO-onderzoek,cluster 19 inch racks,studio desktop 3u rack beech,Exact
CaseBuilder SEO-onderzoek,cluster 19 inch racks,studio desktop 3u rack maple,Exact
CaseBuilder SEO-onderzoek,cluster 19 inch racks,studio desktop 4he rack oak,Exact
CaseBuilder SEO-onderzoek,cluster 19 inch racks,studio desktop 4u rack beech,Exact
CaseBuilder SEO-onderzoek,cluster 19 inch racks,studio desktop 4u rack bk,Exact
CaseBuilder SEO-onderzoek,cluster 19 inch racks,studio desktop 4u rack maple,Exact
CaseBuilder SEO-onderzoek,cluster 19 inch racks,studio desktop 4u rack wh,Exact
CaseBuilder SEO-onderzoek,cluster 19 inch racks,studio desktop 5he rack oak,Exact
CaseBuilder SEO-onderzoek,cluster 19 inch racks,studio desktop 5u rack beech,Exact
CaseBuilder SEO-onderzoek,cluster 19 inch racks,studio desktop 5u rack bk,Exact
CaseBuilder SEO-onderzoek,cluster 19 inch racks,studio desktop 5u rack maple,Exact
CaseBuilder SEO-onderzoek,cluster 19 inch racks,studio desktop 5u rack wh,Exact
CaseBuilder SEO-onderzoek,cluster 19 inch racks,studio desktop 6he rack oak,Exact
CaseBuilder SEO-onderzoek,cluster 19 inch racks,studio desktop 6u rack beech,Exact
CaseBuilder SEO-onderzoek,cluster 19 inch racks,studio desktop 6u rack bk,Exact
CaseBuilder SEO-onderzoek,cluster 19 inch racks,studio desktop 6u rack maple,Exact
CaseBuilder SEO-onderzoek,cluster 19 inch racks,studio desktop 6u rack wh,Exact
CaseBuilder SEO-onderzoek,cluster 19 inch racks,studio desktop 7he rack oak,Exact
CaseBuilder SEO-onderzoek,cluster 19 inch racks,studio desktop 7u rack beech,Exact
CaseBuilder SEO-onderzoek,cluster 19 inch racks,studio desktop 7u rack bk,Exact
CaseBuilder SEO-onderzoek,cluster 19 inch racks,studio desktop 7u rack maple,Exact
CaseBuilder SEO-onderzoek,cluster 19 inch racks,studio desktop 7u rack wh,Exact
CaseBuilder SEO-onderzoek,cluster 19 inch racks,studio desktop 8he rack oak,Exact
CaseBuilder SEO-onderzoek,cluster 19 inch racks,studio desktop 8u rack beech,Exact
CaseBuilder SEO-onderzoek,cluster 19 inch racks,studio desktop 8u rack bk,Exact
CaseBuilder SEO-onderzoek,cluster 19 inch racks,studio desktop 8u rack maple,Exact
CaseBuilder SEO-onderzoek,cluster 19 inch racks,studio desktop 8u rack wh,Exact
CaseBuilder SEO-onderzoek,cluster 19 inch racks,studio l rack 17u media beech,Exact
CaseBuilder SEO-onderzoek,cluster 19 inch racks,studio l rack 17u media maple,Exact
CaseBuilder SEO-onderzoek,cluster 19 inch racks,studio l rack 17u media oak,Exact
CaseBuilder SEO-onderzoek,cluster 19 inch racks,studio rack 10he tuere hinten,Exact
CaseBuilder SEO-onderzoek,cluster 19 inch racks,studio rack 10u 50,Exact
CaseBuilder SEO-onderzoek,cluster 19 inch racks,studio rack 10u 50 beech,Exact
CaseBuilder SEO-onderzoek,cluster 19 inch racks,studio rack 10u 50 maple,Exact
CaseBuilder SEO-onderzoek,cluster 19 inch racks,studio rack 10u 50 oak,Exact
CaseBuilder SEO-onderzoek,cluster 19 inch racks,studio rack 10u backdoor beech,Exact
CaseBuilder SEO-onderzoek,cluster 19 inch racks,studio rack 10u backdoor maple,Exact
CaseBuilder SEO-onderzoek,cluster 19 inch racks,studio rack 10u backdoor oak,Exact
CaseBuilder SEO-onderzoek,cluster 19 inch racks,studio rack 12he 50 gs,Exact
CaseBuilder SEO-onderzoek,cluster 19 inch racks,studio rack 12he tuere hinten,Exact
CaseBuilder SEO-onderzoek,cluster 19 inch racks,studio rack 12u 50,Exact
CaseBuilder SEO-onderzoek,cluster 19 inch racks,studio rack 12u 50 beech,Exact
CaseBuilder SEO-onderzoek,cluster 19 inch racks,studio rack 12u 50 maple,Exact
CaseBuilder SEO-onderzoek,cluster 19 inch racks,studio rack 12u 50 oak,Exact
CaseBuilder SEO-onderzoek,cluster 19 inch racks,studio rack 12u backdoor beech,Exact
CaseBuilder SEO-onderzoek,cluster 19 inch racks,studio rack 12u backdoor maple,Exact
CaseBuilder SEO-onderzoek,cluster 19 inch racks,studio rack 12u backdoor oak,Exact
CaseBuilder SEO-onderzoek,cluster 19 inch racks,studio rack 14he tuere hinten,Exact
CaseBuilder SEO-onderzoek,cluster 19 inch racks,studio rack 14u 50,Exact
CaseBuilder SEO-onderzoek,cluster 19 inch racks,studio rack 14u 50 beech,Exact
CaseBuilder SEO-onderzoek,cluster 19 inch racks,studio rack 14u 50 maple,Exact
CaseBuilder SEO-onderzoek,cluster 19 inch racks,studio rack 14u 50 oak,Exact
CaseBuilder SEO-onderzoek,cluster 19 inch racks,studio rack 14u backdoor beech,Exact
CaseBuilder SEO-onderzoek,cluster 19 inch racks,studio rack 14u backdoor maple,Exact
CaseBuilder SEO-onderzoek,cluster 19 inch racks,studio rack 14u backdoor oak,Exact
CaseBuilder SEO-onderzoek,cluster 19 inch racks,studio rack 14u media beech,Exact
CaseBuilder SEO-onderzoek,cluster 19 inch racks,studio rack 16u 50,Exact
CaseBuilder SEO-onderzoek,cluster 19 inch racks,studio rack 16u 50 beech,Exact
CaseBuilder SEO-onderzoek,cluster 19 inch racks,studio rack 16u 50 maple,Exact
CaseBuilder SEO-onderzoek,cluster 19 inch racks,studio rack 16u 50 oak,Exact
CaseBuilder SEO-onderzoek,cluster 19 inch racks,studio rack 16u backdoor beech,Exact
CaseBuilder SEO-onderzoek,cluster 19 inch racks,studio rack 16u backdoor maple,Exact
CaseBuilder SEO-onderzoek,cluster 19 inch racks,studio rack 16u backdoor oak,Exact
CaseBuilder SEO-onderzoek,cluster 19 inch racks,studio rack 18u 50,Exact
CaseBuilder SEO-onderzoek,cluster 19 inch racks,studio rack 18u 50 beech,Exact
CaseBuilder SEO-onderzoek,cluster 19 inch racks,studio rack 18u 50 gs,Exact
CaseBuilder SEO-onderzoek,cluster 19 inch racks,studio rack 18u 50 maple,Exact
CaseBuilder SEO-onderzoek,cluster 19 inch racks,studio rack 18u 50 oak,Exact
CaseBuilder SEO-onderzoek,cluster 19 inch racks,studio rack 18u backdoor beech,Exact
CaseBuilder SEO-onderzoek,cluster 19 inch racks,studio rack 18u backdoor maple,Exact
CaseBuilder SEO-onderzoek,cluster 19 inch racks,studio rack 18u backdoor oak,Exact
CaseBuilder SEO-onderzoek,cluster 19 inch racks,studio rack 20u 50,Exact
CaseBuilder SEO-onderzoek,cluster 19 inch racks,studio rack 20u 50 beech,Exact
CaseBuilder SEO-onderzoek,cluster 19 inch racks,studio rack 20u 50 maple,Exact
CaseBuilder SEO-onderzoek,cluster 19 inch racks,studio rack 20u 50 oak,Exact
CaseBuilder SEO-onderzoek,cluster 19 inch racks,studio rack 20u backdoor beech,Exact
CaseBuilder SEO-onderzoek,cluster 19 inch racks,studio rack 20u backdoor maple,Exact
CaseBuilder SEO-onderzoek,cluster 19 inch racks,studio rack 20u backdoor oak,Exact
CaseBuilder SEO-onderzoek,cluster 19 inch racks,studio rack 20u beech media,Exact
CaseBuilder SEO-onderzoek,cluster 19 inch racks,studio rack 20u maple media,Exact
CaseBuilder SEO-onderzoek,cluster 19 inch racks,studio rack 20u oak media,Exact
CaseBuilder SEO-onderzoek,cluster 19 inch racks,studio rack 2he desktop wh,Exact
CaseBuilder SEO-onderzoek,cluster 19 inch racks,studio rack 2u desktop bk,Exact
CaseBuilder SEO-onderzoek,cluster 19 inch racks,studio rack 3u desktop bk,Exact
CaseBuilder SEO-onderzoek,cluster 19 inch racks,studio rack 3u desktop wh,Exact
CaseBuilder SEO-onderzoek,cluster 19 inch racks,studio rack rollen set 50mm,Exact
CaseBuilder SEO-onderzoek,cluster 19 inch racks,studio siderack m 10u,Exact
CaseBuilder SEO-onderzoek,cluster 19 inch racks,studio siderack m 10u beech,Exact
CaseBuilder SEO-onderzoek,cluster 19 inch racks,studio siderack m 10u maple,Exact
CaseBuilder SEO-onderzoek,cluster 19 inch racks,studio siderack m 10u oak,Exact
CaseBuilder SEO-onderzoek,cluster 19 inch racks,studio siderack xl 10u,Exact
CaseBuilder SEO-onderzoek,cluster 19 inch racks,studio siderack xl 10u maple,Exact
CaseBuilder SEO-onderzoek,cluster 19 inch racks,studio siderack xl 10u oak,Exact
CaseBuilder SEO-onderzoek,cluster 19 inch racks,triple cpa rack,Exact
CaseBuilder SEO-onderzoek,cluster 19 inch racks,triple door rack 10he 45,Exact
CaseBuilder SEO-onderzoek,cluster 19 inch racks,triple door rack 12u 60 wheels,Exact
CaseBuilder SEO-onderzoek,cluster 19 inch racks,trunk case 19,Exact
CaseBuilder SEO-onderzoek,cluster 19 inch racks,wireless systems case 2u,Exact
CaseBuilder SEO-onderzoek,cluster 19 inch racks,workstation flightcase met schokabsorberend rack 12 he 3 lades,Exact
CaseBuilder SEO-onderzoek,cluster kabelkisten,kabelkist,Exact
CaseBuilder SEO-onderzoek,cluster kabelkisten,cable trunk,Exact
CaseBuilder SEO-onderzoek,cluster kabelkisten,kabelkoffer,Exact
CaseBuilder SEO-onderzoek,cluster kabelkisten,kabelkisten,Exact
CaseBuilder SEO-onderzoek,cluster kabelkisten,kabelkist op wielen,Exact
CaseBuilder SEO-onderzoek,cluster kabelkisten,120 cm bak megaflex kabelgoten in vrachtwagenformaat,Exact
CaseBuilder SEO-onderzoek,cluster kabelkisten,30 cm bak megaflex vrachtwagenformaat kabelgoten,Exact
CaseBuilder SEO-onderzoek,cluster kabelkisten,40 cm bak past in multiflex vrachtwagenformaat kabelgoot,Exact
CaseBuilder SEO-onderzoek,cluster kabelkisten,80 cm bak megaflex vrachtwagenformaat kabelgoten,Exact
CaseBuilder SEO-onderzoek,cluster kabelkisten,90 cm bak megaflex vrachtwagenformaat kabelgoten,Exact
CaseBuilder SEO-onderzoek,cluster kabelkisten,flightcase 40 cm lade megaflex vrachtwagenkabelgoten,Exact
CaseBuilder SEO-onderzoek,cluster kabelkisten,flightcase 60 cm lade megaflex vrachtwagenkabelgoten,Exact
CaseBuilder SEO-onderzoek,cluster kabelkisten,kabelkist 60 100 met schottenverdeling incl 1 schot,Exact
CaseBuilder SEO-onderzoek,cluster kabelkisten,kabelkist 60 100 met schottenverdeling incl 1 schot laag,Exact
CaseBuilder SEO-onderzoek,cluster kabelkisten,kabelkist 60 60,Exact
CaseBuilder SEO-onderzoek,cluster kabelkisten,kabelkist 60 80 met schottenverdeling incl 1 schot,Exact
CaseBuilder SEO-onderzoek,cluster kabelkisten,kabelkist vakkenkist,Exact
CaseBuilder SEO-onderzoek,cluster kabelkisten,kabelkoffer accessoirekoffer buko,Exact
CaseBuilder SEO-onderzoek,cluster kabelkisten,kabelkoffer accessoirekoffer fenol buko,Exact
CaseBuilder SEO-onderzoek,cluster kabelkisten,lastkabel case,Exact
CaseBuilder SEO-onderzoek,cluster kabelkisten,megaflex 120 color kabelkist in vrachtwagenformaat,Exact
CaseBuilder SEO-onderzoek,cluster kabelkisten,megaflex 60 kabelkist zwart vrachtwagenformaat,Exact
CaseBuilder SEO-onderzoek,cluster kabelkisten,megaflex 80 kabelbox zwart vrachtwagenformaat,Exact
CaseBuilder SEO-onderzoek,cluster kabelkisten,megaflex 90 kabelkist zwart vrachtwagenformaat,Exact
CaseBuilder SEO-onderzoek,cluster kabelkisten,multiflex 100 kabelkist in vrachtwagenformaat,Exact
CaseBuilder SEO-onderzoek,cluster kabelkisten,multikabel loom flightcase,Exact
CaseBuilder SEO-onderzoek,cluster toolcases en ladecases,flightcase met lades,Exact
CaseBuilder SEO-onderzoek,cluster toolcases en ladecases,ladecase,Exact
CaseBuilder SEO-onderzoek,cluster toolcases en ladecases,toolcase,Exact
CaseBuilder SEO-onderzoek,cluster toolcases en ladecases,lade case,Exact
CaseBuilder SEO-onderzoek,cluster toolcases en ladecases,flightcase toolcase,Exact
CaseBuilder SEO-onderzoek,cluster toolcases en ladecases,ladencase,Exact
CaseBuilder SEO-onderzoek,cluster toolcases en ladecases,gereedschapskist flightcase,Exact
CaseBuilder SEO-onderzoek,cluster toolcases en ladecases,toolcases ladecases,Exact
CaseBuilder SEO-onderzoek,cluster toolcases en ladecases,flightcase tool case,Exact
CaseBuilder SEO-onderzoek,cluster toolcases en ladecases,bandrack met lades,Exact
CaseBuilder SEO-onderzoek,cluster toolcases en ladecases,drawercase l0903 a,Exact
CaseBuilder SEO-onderzoek,cluster toolcases en ladecases,drawercase l0904 a,Exact
CaseBuilder SEO-onderzoek,cluster toolcases en ladecases,drawercase l1204 a,Exact
CaseBuilder SEO-onderzoek,cluster toolcases en ladecases,drawercase l1205 a,Exact
CaseBuilder SEO-onderzoek,cluster toolcases en ladecases,drawercase sd0903 a wheel,Exact
CaseBuilder SEO-onderzoek,cluster toolcases en ladecases,drawercase sd0904 a,Exact
CaseBuilder SEO-onderzoek,cluster toolcases en ladecases,drawercase sd1205 a,Exact
CaseBuilder SEO-onderzoek,cluster toolcases en ladecases,drawercase sd1206 a,Exact
CaseBuilder SEO-onderzoek,cluster toolcases en ladecases,dubbele lade flightcase 8 lades,Exact
CaseBuilder SEO-onderzoek,cluster toolcases en ladecases,flightcase 10x statieven 5x lade,Exact
CaseBuilder SEO-onderzoek,cluster toolcases en ladecases,flightcase 15x statieven 5x lade,Exact
CaseBuilder SEO-onderzoek,cluster toolcases en ladecases,flightcase 3 x lade,Exact
CaseBuilder SEO-onderzoek,cluster toolcases en ladecases,flightcase 6 x lade,Exact
CaseBuilder SEO-onderzoek,cluster toolcases en ladecases,flightcase 6 x lade en tafelpoten in de voordeksel,Exact
CaseBuilder SEO-onderzoek,cluster toolcases en ladecases,flightcase buehnen tools,Exact
CaseBuilder SEO-onderzoek,cluster toolcases en ladecases,flightcase ehbo en brandblussers,Exact
CaseBuilder SEO-onderzoek,cluster toolcases en ladecases,flightcase garderobekast met led spiegel en lades,Exact
CaseBuilder SEO-onderzoek,cluster toolcases en ladecases,flightcase kledingkast met led spiegel en lades,Exact
CaseBuilder SEO-onderzoek,cluster toolcases en ladecases,flightcase ladengeleider,Exact
CaseBuilder SEO-onderzoek,cluster toolcases en ladecases,flightcase schuifdeurkast met 5 laden wieluitsparingen wielen,Exact
CaseBuilder SEO-onderzoek,cluster toolcases en ladecases,flightcase schuifdeurkast met 6 laden wieluitsparingen wielen,Exact
CaseBuilder SEO-onderzoek,cluster toolcases en ladecases,flightcase universele voeding met laden,Exact
CaseBuilder SEO-onderzoek,cluster toolcases en ladecases,flightcase workstation met 7 lades 2 uittrekbare plateaus,Exact
CaseBuilder SEO-onderzoek,cluster toolcases en ladecases,laderack enkelvoudig,Exact
CaseBuilder SEO-onderzoek,cluster toolcases en ladecases,pro line ladecase voor 20 led panels,Exact
CaseBuilder SEO-onderzoek,cluster toolcases en ladecases,pro line ladecase voor printer,Exact
CaseBuilder SEO-onderzoek,cluster toolcases en ladecases,pro line ladecase voor printer 2,Exact
CaseBuilder SEO-onderzoek,cluster toolcases en ladecases,pro line ladecase voor printer met tafelblad,Exact
CaseBuilder SEO-onderzoek,cluster toolcases en ladecases,schubladencases,Exact
CaseBuilder SEO-onderzoek,cluster toolcases en ladecases,toolcase 2x lade coffeecase,Exact
CaseBuilder SEO-onderzoek,cluster toolcases en ladecases,toolcase 4x lade,Exact
CaseBuilder SEO-onderzoek,cluster toolcases en ladecases,toolcase 4x lade en werkblad,Exact
CaseBuilder SEO-onderzoek,cluster toolcases en ladecases,toolcase met werkblad en lades,Exact
CaseBuilder SEO-onderzoek,cluster toolcases en ladecases,workstation office case drawer,Exact
CaseBuilder SEO-onderzoek,cluster camera- en videocases,camerakoffer,Exact
CaseBuilder SEO-onderzoek,cluster camera- en videocases,camera flightcase,Exact
CaseBuilder SEO-onderzoek,cluster camera- en videocases,drone koffer,Exact
CaseBuilder SEO-onderzoek,cluster camera- en videocases,broadcast flightcase,Exact
CaseBuilder SEO-onderzoek,cluster camera- en videocases,flightcase studio due,Exact
CaseBuilder SEO-onderzoek,cluster camera- en videocases,case blackstar studio 10 6l6,Exact
CaseBuilder SEO-onderzoek,cluster camera- en videocases,case epson eb pu2213b 5x lens,Exact
CaseBuilder SEO-onderzoek,cluster camera- en videocases,flightcase blackmagic atem television studio hd8 iso bk,Exact
CaseBuilder SEO-onderzoek,cluster camera- en videocases,flightcase broadcast streaming,Exact
CaseBuilder SEO-onderzoek,cluster camera- en videocases,flightcase panasonic kamerazug ak uc4000,Exact
CaseBuilder SEO-onderzoek,cluster camera- en videocases,flightcase rgblink ptz camera,Exact
CaseBuilder SEO-onderzoek,cluster camera- en videocases,flightcase studio producer desk fpy bk,Exact
CaseBuilder SEO-onderzoek,cluster camera- en videocases,flightcase studio producer desk fpy wh,Exact
CaseBuilder SEO-onderzoek,cluster camera- en videocases,flightcase videoregie vestad,Exact
CaseBuilder SEO-onderzoek,cluster camera- en videocases,microsoft surface studio 2 trolleykoffer,Exact
CaseBuilder SEO-onderzoek,cluster camera- en videocases,video editing flightcase,Exact
CaseBuilder SEO-onderzoek,cluster camera- en videocases,video editing flightcase met flatscreen,Exact
CaseBuilder SEO-onderzoek,cluster camera- en videocases,video regiekist,Exact
CaseBuilder SEO-onderzoek,cluster motorcases,motorcase,Exact
CaseBuilder SEO-onderzoek,cluster motorcases,kettingtakel flightcase,Exact
CaseBuilder SEO-onderzoek,cluster motorcases,takel flightcase,Exact
CaseBuilder SEO-onderzoek,cluster motorcases,flightcase asm,Exact
CaseBuilder SEO-onderzoek,cluster motorcases,flightcase chainmaster,Exact
CaseBuilder SEO-onderzoek,cluster motorcases,flightcase columbus mckinnon,Exact
CaseBuilder SEO-onderzoek,cluster motorcases,flightcase gis,Exact
CaseBuilder SEO-onderzoek,cluster motorcases,flightcase motoren,Exact
CaseBuilder SEO-onderzoek,cluster motorcases,flightcase movecat,Exact
CaseBuilder SEO-onderzoek,cluster motorcases,flightcase 2x chainmaster 250 kg ultra,Exact
CaseBuilder SEO-onderzoek,cluster motorcases,flightcase asm p 500k x drive 2007,Exact
CaseBuilder SEO-onderzoek,cluster motorcases,flightcase chainmaster cm 9050 bf8,Exact
CaseBuilder SEO-onderzoek,cluster motorcases,flightcase chainmaster mb 30 20 sb 30 10 d8,Exact
CaseBuilder SEO-onderzoek,cluster motorcases,flightcase chainmaster mb 30 20 sb 30 10 d8 780,Exact
CaseBuilder SEO-onderzoek,cluster motorcases,flightcase gis lch 2000,Exact
CaseBuilder SEO-onderzoek,cluster motorcases,flightcase movecat plus 1000 4 d8,Exact
CaseBuilder SEO-onderzoek,cluster motorcases,flightcase movecat prostage 750,Exact
CaseBuilder SEO-onderzoek,cluster motorcases,flightcase movecat vmk 500 s 24,Exact
CaseBuilder SEO-onderzoek,cluster motorcases,flightcase pro line chainmaster 1000kg,Exact
CaseBuilder SEO-onderzoek,cluster flightcase meubels,industriële meubels,Exact
CaseBuilder SEO-onderzoek,cluster flightcase meubels,sideboard,Exact
CaseBuilder SEO-onderzoek,cluster flightcase meubels,flightcase bar,Exact
CaseBuilder SEO-onderzoek,cluster flightcase meubels,flightcase meubels,Exact
CaseBuilder SEO-onderzoek,cluster flightcase meubels,professionele kast,Exact
CaseBuilder SEO-onderzoek,cluster flightcase meubels,flightcase dressoir,Exact
CaseBuilder SEO-onderzoek,cluster flightcase meubels,adj saber bar 6 8,Exact
CaseBuilder SEO-onderzoek,cluster flightcase meubels,case design dressoir,Exact
CaseBuilder SEO-onderzoek,cluster flightcase meubels,dressoir in flightcase stijl,Exact
CaseBuilder SEO-onderzoek,cluster flightcase meubels,flightcase 2x stairville bel6 ip bar hex,Exact
CaseBuilder SEO-onderzoek,cluster flightcase meubels,sideboard casedesign,Exact
CaseBuilder SEO-onderzoek,cluster flightcase meubels,sideboard in caseoptik bxtxh,Exact
CaseBuilder SEO-onderzoek,cluster flightcase meubels,stairville bel6 ip bar hex 6 in 1 flightcase,Exact
CaseBuilder SEO-onderzoek,cluster presentatie en beurs,presentatiekoffer,Exact
CaseBuilder SEO-onderzoek,cluster presentatie en beurs,demokoffer,Exact
CaseBuilder SEO-onderzoek,cluster presentatie en beurs,beursbalie flightcase,Exact
CaseBuilder SEO-onderzoek,cluster presentatie en beurs,beurscase,Exact
CaseBuilder SEO-onderzoek,cluster presentatie en beurs,flightcase presentatie,Exact
CaseBuilder SEO-onderzoek,cluster presentatie en beurs,case 2x bose sub1 pro32 stand,Exact
CaseBuilder SEO-onderzoek,cluster presentatie en beurs,flightcase audipack stand screen s 900,Exact
CaseBuilder SEO-onderzoek,cluster presentatie en beurs,flightcase luxe mappen,Exact
CaseBuilder SEO-onderzoek,cluster presentatie en beurs,flightcase pegar mappen,Exact
CaseBuilder SEO-onderzoek,cluster presentatie en beurs,flightcase smartmetals stand screen 50,Exact
CaseBuilder SEO-onderzoek,cluster presentatie en beurs,luxe presentatiekoffer camel,Exact
CaseBuilder SEO-onderzoek,cluster presentatie en beurs,luxe presentatiekoffer johnnie walker,Exact
CaseBuilder SEO-onderzoek,cluster presentatie en beurs,pegar designkoffer,Exact
CaseBuilder SEO-onderzoek,cluster presentatie en beurs,pegar designkoffer branding,Exact
CaseBuilder SEO-onderzoek,cluster presentatie en beurs,professionele beursbalie koffer met een deur 100,Exact
CaseBuilder SEO-onderzoek,cluster presentatie en beurs,pvc hoes voor de moog messenger,Exact
CaseBuilder SEO-onderzoek,cluster aluminium koffers,aluminium koffer,Exact
CaseBuilder SEO-onderzoek,cluster aluminium koffers,aluminium kist,Exact
CaseBuilder SEO-onderzoek,cluster aluminium koffers,aluminium koffer met schuim,Exact
CaseBuilder SEO-onderzoek,cluster aluminium koffers,aluminium transportkist,Exact
CaseBuilder SEO-onderzoek,cluster aluminium koffers,aluminium transportkisten,Exact
CaseBuilder SEO-onderzoek,cluster aluminium koffers,aluminium trolley,Exact
CaseBuilder SEO-onderzoek,cluster aluminium koffers,aluminium koffers,Exact
CaseBuilder SEO-onderzoek,cluster aluminium koffers,flightcase aluclass,Exact
CaseBuilder SEO-onderzoek,cluster aluminium koffers,flightcase alupuur,Exact
CaseBuilder SEO-onderzoek,cluster aluminium koffers,flightcase fbw vdk,Exact
CaseBuilder SEO-onderzoek,cluster aluminium koffers,flightcase viking,Exact
CaseBuilder SEO-onderzoek,cluster kunststof koffers,peli case,Exact
CaseBuilder SEO-onderzoek,cluster kunststof koffers,kunststof bak,Exact
CaseBuilder SEO-onderzoek,cluster kunststof koffers,lichtgewicht koffers,Exact
CaseBuilder SEO-onderzoek,cluster kunststof koffers,plastic bakken,Exact
CaseBuilder SEO-onderzoek,cluster kunststof koffers,kunststof koffer,Exact
CaseBuilder SEO-onderzoek,cluster kunststof koffers,waterdichte koffer,Exact
CaseBuilder SEO-onderzoek,cluster kunststof koffers,beschermkoffer,Exact
CaseBuilder SEO-onderzoek,cluster kunststof koffers,flightcase skb,Exact
CaseBuilder SEO-onderzoek,cluster kunststof koffers,kunststof transportkist,Exact
CaseBuilder SEO-onderzoek,cluster kunststof koffers,pelicase koffer,Exact
CaseBuilder SEO-onderzoek,cluster kunststof koffers,plastic kist,Exact
CaseBuilder SEO-onderzoek,cluster kunststof koffers,protective cases,Exact
CaseBuilder SEO-onderzoek,cluster kunststof koffers,flightcase nanuk backpacks,Exact
CaseBuilder SEO-onderzoek,cluster kunststof koffers,kunststof koffers,Exact
CaseBuilder SEO-onderzoek,cluster kunststof koffers,nanuk kunstof koffers,Exact
CaseBuilder SEO-onderzoek,cluster kunststof koffers,case ignition 2bright pint 150 ip 6in1 wheel,Exact
CaseBuilder SEO-onderzoek,cluster kunststof koffers,flightcase con pearl kunststof plaat 10,Exact
CaseBuilder SEO-onderzoek,cluster kunststof koffers,flightcase con pearl kunststof plaat 7,Exact
CaseBuilder SEO-onderzoek,cluster kunststof koffers,flightcase epp,Exact
CaseBuilder SEO-onderzoek,cluster kunststof koffers,flightcase explorer 3818,Exact
CaseBuilder SEO-onderzoek,cluster kunststof koffers,flightcase explorer 5140,Exact
CaseBuilder SEO-onderzoek,cluster kunststof koffers,flightcase explorer 5221,Exact
CaseBuilder SEO-onderzoek,cluster kunststof koffers,flightcase explorer 5822,Exact
CaseBuilder SEO-onderzoek,cluster kunststof koffers,flightcase explorer 7635,Exact
CaseBuilder SEO-onderzoek,cluster kunststof koffers,flightcase explorer 9413,Exact
CaseBuilder SEO-onderzoek,cluster kunststof koffers,flightcase fma,Exact
CaseBuilder SEO-onderzoek,cluster kunststof koffers,flightcase fma e,Exact
CaseBuilder SEO-onderzoek,cluster kunststof koffers,flightcase fsp,Exact
CaseBuilder SEO-onderzoek,cluster kunststof koffers,flightcase fwa,Exact
CaseBuilder SEO-onderzoek,cluster kunststof koffers,flightcase fwa j,Exact
CaseBuilder SEO-onderzoek,cluster kunststof koffers,flightcase fwa t,Exact
CaseBuilder SEO-onderzoek,cluster kunststof koffers,flightcase hprc2500,Exact
CaseBuilder SEO-onderzoek,cluster kunststof koffers,flightcase hprc2550w,Exact
CaseBuilder SEO-onderzoek,cluster kunststof koffers,flightcase hprc2780w,Exact
CaseBuilder SEO-onderzoek,cluster kunststof koffers,flightcase hprc3500,Exact
CaseBuilder SEO-onderzoek,cluster kunststof koffers,flightcase hprc4200,Exact
CaseBuilder SEO-onderzoek,cluster kunststof koffers,flightcase hprc4300w,Exact
CaseBuilder SEO-onderzoek,cluster kunststof koffers,flightcase hprc4400,Exact
CaseBuilder SEO-onderzoek,cluster kunststof koffers,flightcase hprc4600w,Exact
CaseBuilder SEO-onderzoek,cluster kunststof koffers,flightcase hprc5400w,Exact
CaseBuilder SEO-onderzoek,cluster kunststof koffers,flightcase hprc6300w,Exact
CaseBuilder SEO-onderzoek,cluster kunststof koffers,flightcase husk,Exact
CaseBuilder SEO-onderzoek,cluster kunststof koffers,flightcase kunststof hamer,Exact
CaseBuilder SEO-onderzoek,cluster kunststof koffers,flightcase kunststof kratten,Exact
CaseBuilder SEO-onderzoek,cluster kunststof koffers,flightcase lid organizer voor nanuk,Exact
CaseBuilder SEO-onderzoek,cluster kunststof koffers,flightcase max1100,Exact
CaseBuilder SEO-onderzoek,cluster kunststof koffers,flightcase max430,Exact
CaseBuilder SEO-onderzoek,cluster kunststof koffers,flightcase max505,Exact
CaseBuilder SEO-onderzoek,cluster kunststof koffers,flightcase max620h250,Exact
CaseBuilder SEO-onderzoek,cluster kunststof koffers,flightcase max750h280,Exact
CaseBuilder SEO-onderzoek,cluster kunststof koffers,flightcase nanuk 903 small,Exact
CaseBuilder SEO-onderzoek,cluster kunststof koffers,flightcase nanuk 904 small,Exact
CaseBuilder SEO-onderzoek,cluster kunststof koffers,flightcase nanuk 905 pro photo,Exact
CaseBuilder SEO-onderzoek,cluster kunststof koffers,flightcase nanuk 908 small,Exact
CaseBuilder SEO-onderzoek,cluster kunststof koffers,flightcase nanuk 909 small,Exact
CaseBuilder SEO-onderzoek,cluster kunststof koffers,flightcase nanuk 910 medium,Exact
CaseBuilder SEO-onderzoek,cluster kunststof koffers,flightcase nanuk 915 medium,Exact
CaseBuilder SEO-onderzoek,cluster kunststof koffers,flightcase nanuk 915 pro photo,Exact
CaseBuilder SEO-onderzoek,cluster kunststof koffers,flightcase nanuk 918 medium,Exact
CaseBuilder SEO-onderzoek,cluster kunststof koffers,flightcase nanuk 918 pro photo,Exact
CaseBuilder SEO-onderzoek,cluster kunststof koffers,flightcase nanuk 920 medium,Exact
CaseBuilder SEO-onderzoek,cluster kunststof koffers,flightcase nanuk 920 pro photo,Exact
CaseBuilder SEO-onderzoek,cluster kunststof koffers,flightcase nanuk 923 laptop medium,Exact
CaseBuilder SEO-onderzoek,cluster kunststof koffers,flightcase nanuk 923 medium,Exact
CaseBuilder SEO-onderzoek,cluster kunststof koffers,flightcase nanuk 925 large,Exact
CaseBuilder SEO-onderzoek,cluster kunststof koffers,flightcase nanuk 925 pro photo,Exact
CaseBuilder SEO-onderzoek,cluster kunststof koffers,flightcase nanuk 930 large,Exact
CaseBuilder SEO-onderzoek,cluster kunststof koffers,flightcase nanuk 930 pro photo,Exact
CaseBuilder SEO-onderzoek,cluster kunststof koffers,flightcase nanuk 933 large,Exact
CaseBuilder SEO-onderzoek,cluster kunststof koffers,flightcase nanuk 933 pro photo,Exact
CaseBuilder SEO-onderzoek,cluster kunststof koffers,flightcase nanuk 935 large,Exact
CaseBuilder SEO-onderzoek,cluster kunststof koffers,flightcase nanuk 935 pro photo,Exact
CaseBuilder SEO-onderzoek,cluster kunststof koffers,flightcase nanuk 938 pro photo,Exact
CaseBuilder SEO-onderzoek,cluster kunststof koffers,flightcase nanuk 938 wheeled,Exact
CaseBuilder SEO-onderzoek,cluster kunststof koffers,flightcase nanuk 940 large,Exact
CaseBuilder SEO-onderzoek,cluster kunststof koffers,flightcase nanuk 940 pro photo,Exact
CaseBuilder SEO-onderzoek,cluster kunststof koffers,flightcase nanuk 945 large,Exact
CaseBuilder SEO-onderzoek,cluster kunststof koffers,flightcase nanuk 945pro photo,Exact
CaseBuilder SEO-onderzoek,cluster kunststof koffers,flightcase nanuk 950 large,Exact
CaseBuilder SEO-onderzoek,cluster kunststof koffers,flightcase nanuk 950 pro photo,Exact
CaseBuilder SEO-onderzoek,cluster kunststof koffers,flightcase nanuk 955 pro photo,Exact
CaseBuilder SEO-onderzoek,cluster kunststof koffers,flightcase nanuk 955 wheeled,Exact
CaseBuilder SEO-onderzoek,cluster kunststof koffers,flightcase nanuk 960 pro photo,Exact
CaseBuilder SEO-onderzoek,cluster kunststof koffers,flightcase nanuk 960 wheeled,Exact
CaseBuilder SEO-onderzoek,cluster kunststof koffers,flightcase nanuk 963 wheeled,Exact
CaseBuilder SEO-onderzoek,cluster kunststof koffers,flightcase nanuk 965 wheeled,Exact
CaseBuilder SEO-onderzoek,cluster kunststof koffers,flightcase nanuk 968 wheeled,Exact
CaseBuilder SEO-onderzoek,cluster kunststof koffers,flightcase nanuk 970 wheeled,Exact
CaseBuilder SEO-onderzoek,cluster kunststof koffers,flightcase nanuk 975 wheeled,Exact
CaseBuilder SEO-onderzoek,cluster kunststof koffers,flightcase nanuk 985 long,Exact
CaseBuilder SEO-onderzoek,cluster kunststof koffers,flightcase nanuk 990 long,Exact
CaseBuilder SEO-onderzoek,cluster kunststof koffers,flightcase nanuk 995 long,Exact
CaseBuilder SEO-onderzoek,cluster kunststof koffers,flightcase nanuk nano 310,Exact
CaseBuilder SEO-onderzoek,cluster kunststof koffers,flightcase nanuk nano 320,Exact
CaseBuilder SEO-onderzoek,cluster kunststof koffers,flightcase nanuk nano 330,Exact
CaseBuilder SEO-onderzoek,cluster kunststof koffers,flightcase nanuk shoulderstrap,Exact
CaseBuilder SEO-onderzoek,cluster kunststof koffers,flightcase nanuk tsa lock,Exact
CaseBuilder SEO-onderzoek,cluster kunststof koffers,flightcase nanuk tsa retrofit,Exact
CaseBuilder SEO-onderzoek,cluster kunststof koffers,flightcase protective shield,Exact
CaseBuilder SEO-onderzoek,cluster kunststof koffers,flightcase protective wall shield,Exact
CaseBuilder SEO-onderzoek,cluster kunststof koffers,flightcase protective wall shield1000x600,Exact
CaseBuilder SEO-onderzoek,cluster kunststof koffers,flightcase rako,Exact
CaseBuilder SEO-onderzoek,cluster kunststof koffers,flightcase skb 3i,Exact
CaseBuilder SEO-onderzoek,cluster kunststof koffers,flightcase skb 3r,Exact
CaseBuilder SEO-onderzoek,cluster kunststof koffers,flightcase thermodyne,Exact
CaseBuilder SEO-onderzoek,cluster kunststof koffers,maxado kunststof koffers,Exact
CaseBuilder SEO-onderzoek,cluster kunststof koffers,plastica panaro kunststof koffers,Exact
CaseBuilder SEO-onderzoek,cluster kunststof koffers,rakobak kunststof bakken,Exact
CaseBuilder SEO-onderzoek,cluster transportkisten,opbergkist,Exact
CaseBuilder SEO-onderzoek,cluster transportkisten,kist,Exact
CaseBuilder SEO-onderzoek,cluster transportkisten,transportkist,Exact
CaseBuilder SEO-onderzoek,cluster transportkisten,transportkoffer,Exact
CaseBuilder SEO-onderzoek,cluster transportkisten,stolpcase,Exact
CaseBuilder SEO-onderzoek,cluster transportkisten,flightcase trunk,Exact
CaseBuilder SEO-onderzoek,cluster transportkisten,flightcase universeel,Exact
CaseBuilder SEO-onderzoek,cluster transportkisten,flightcase universal,Exact
CaseBuilder SEO-onderzoek,cluster transportkisten,transportkisten,Exact
CaseBuilder SEO-onderzoek,cluster transportkisten,transport cases,Exact
CaseBuilder SEO-onderzoek,cluster transportkisten,trunk case,Exact
CaseBuilder SEO-onderzoek,cluster transportkisten,flightcase diverse,Exact
CaseBuilder SEO-onderzoek,cluster transportkisten,flightcase transport,Exact
CaseBuilder SEO-onderzoek,cluster transportkisten,productkisten,Exact
CaseBuilder SEO-onderzoek,cluster transportkisten,standaardkisten,Exact
CaseBuilder SEO-onderzoek,cluster transportkisten,brandblusserkoffer in kistvorm,Exact
CaseBuilder SEO-onderzoek,cluster transportkisten,flex cut universal case 1 pb,Exact
CaseBuilder SEO-onderzoek,cluster transportkisten,flex cut universal case 2 pb,Exact
CaseBuilder SEO-onderzoek,cluster transportkisten,flightcase lcd universal 55 4,Exact
CaseBuilder SEO-onderzoek,cluster transportkisten,flightcase optik universal,Exact
CaseBuilder SEO-onderzoek,cluster transportkisten,flightcase plasma universal sip,Exact
CaseBuilder SEO-onderzoek,cluster transportkisten,flightcase plasma universal sip mk2,Exact
CaseBuilder SEO-onderzoek,cluster transportkisten,flightcase pro line universeel 100 trucksize,Exact
CaseBuilder SEO-onderzoek,cluster transportkisten,flightcase pro line universeel 120 trucksize,Exact
CaseBuilder SEO-onderzoek,cluster transportkisten,flightcase pro line universeel 60 trucksize,Exact
CaseBuilder SEO-onderzoek,cluster transportkisten,flightcase pro line universeel 80 trucksize,Exact
CaseBuilder SEO-onderzoek,cluster transportkisten,flightcase tft universal,Exact
CaseBuilder SEO-onderzoek,cluster transportkisten,flightcase the box pro mba1,Exact
CaseBuilder SEO-onderzoek,cluster transportkisten,flightcases adams universal pauke 20,Exact
CaseBuilder SEO-onderzoek,cluster transportkisten,flighttruhencase laenge 140cm hoehe 30cm tiefe 25cm,Exact
CaseBuilder SEO-onderzoek,cluster transportkisten,heavy kist,Exact
CaseBuilder SEO-onderzoek,cluster transportkisten,heavy kist binnenafmetingen,Exact
CaseBuilder SEO-onderzoek,cluster transportkisten,kist met 2 stairville scansphere 300 wielen,Exact
CaseBuilder SEO-onderzoek,cluster transportkisten,kist met hoekwielen en ventilatie,Exact
CaseBuilder SEO-onderzoek,cluster transportkisten,kist voor 2 manfrotto 087nw opwindbare statieven,Exact
CaseBuilder SEO-onderzoek,cluster transportkisten,kist voor 4 phantom 3r hybrids,Exact
CaseBuilder SEO-onderzoek,cluster transportkisten,kist voor twee phantom 3r hybrids,Exact
CaseBuilder SEO-onderzoek,cluster transportkisten,kofferraum box unterbau,Exact
CaseBuilder SEO-onderzoek,cluster transportkisten,lc pro auron one20 4 in 1 kistcase,Exact
CaseBuilder SEO-onderzoek,cluster transportkisten,live kist,Exact
CaseBuilder SEO-onderzoek,cluster transportkisten,markbass mb58r 104 energy box 4 behuizing,Exact
CaseBuilder SEO-onderzoek,cluster transportkisten,pro kist,Exact
CaseBuilder SEO-onderzoek,cluster transportkisten,professionele trunk case voor 4 vloerspiegels,Exact
CaseBuilder SEO-onderzoek,cluster transportkisten,robuuste transportkist op wielen,Exact
CaseBuilder SEO-onderzoek,cluster transportkisten,stolpcase 120 cm hoog,Exact
CaseBuilder SEO-onderzoek,cluster transportkisten,stolpcase 60 cm hoog,Exact
CaseBuilder SEO-onderzoek,cluster transportkisten,stolpcase 85 cm hoog,Exact
CaseBuilder SEO-onderzoek,cluster transportkisten,transportcase apple imac 215,Exact
CaseBuilder SEO-onderzoek,cluster transportkisten,transportcase auf rollen,Exact
CaseBuilder SEO-onderzoek,cluster transportkisten,transportcase iiyama prolite tf4237msc b3ag,Exact
CaseBuilder SEO-onderzoek,cluster transportkisten,transportkist met afneembaar deksel voor miele cm6,Exact
CaseBuilder SEO-onderzoek,cluster transportkisten,transportkist met afneembaar deksel voor wmf 1500 s,Exact
CaseBuilder SEO-onderzoek,cluster transportkisten,transportkist met afneembaar deksel voor wmf 5000 s,Exact
CaseBuilder SEO-onderzoek,cluster transportkisten,transportkoffers,Exact
CaseBuilder SEO-onderzoek,cluster transportkisten,trunk case 10,Exact
CaseBuilder SEO-onderzoek,cluster transportkisten,trunk case 11,Exact
CaseBuilder SEO-onderzoek,cluster transportkisten,trunk case 12,Exact
CaseBuilder SEO-onderzoek,cluster transportkisten,trunk case 13,Exact
CaseBuilder SEO-onderzoek,cluster transportkisten,trunk case 14,Exact
CaseBuilder SEO-onderzoek,cluster transportkisten,trunk case 15,Exact
CaseBuilder SEO-onderzoek,cluster transportkisten,trunk case 16,Exact
CaseBuilder SEO-onderzoek,cluster transportkisten,trunk case 17,Exact
CaseBuilder SEO-onderzoek,cluster transportkisten,trunk case 18,Exact
CaseBuilder SEO-onderzoek,cluster transportkisten,trunk case 2,Exact
CaseBuilder SEO-onderzoek,cluster transportkisten,trunk case 20,Exact
CaseBuilder SEO-onderzoek,cluster transportkisten,trunk case 21,Exact
CaseBuilder SEO-onderzoek,cluster transportkisten,trunk case 22,Exact
CaseBuilder SEO-onderzoek,cluster transportkisten,trunk case 23,Exact
CaseBuilder SEO-onderzoek,cluster transportkisten,trunk case 24,Exact
CaseBuilder SEO-onderzoek,cluster transportkisten,trunk case 25,Exact
CaseBuilder SEO-onderzoek,cluster transportkisten,trunk case 26,Exact
CaseBuilder SEO-onderzoek,cluster transportkisten,trunk case 3,Exact
CaseBuilder SEO-onderzoek,cluster transportkisten,trunk case 4,Exact
CaseBuilder SEO-onderzoek,cluster transportkisten,trunk case 5,Exact
CaseBuilder SEO-onderzoek,cluster transportkisten,trunk case 6,Exact
CaseBuilder SEO-onderzoek,cluster transportkisten,trunk case 7,Exact
CaseBuilder SEO-onderzoek,cluster transportkisten,trunk case 8,Exact
CaseBuilder SEO-onderzoek,cluster transportkisten,trunk case 9,Exact
CaseBuilder SEO-onderzoek,cluster transportkisten,verdeelbord voor megaflex kist van vrachtwagenformaat,Exact
CaseBuilder SEO-onderzoek,cluster flightcase op wielen,wielen,Exact
CaseBuilder SEO-onderzoek,cluster flightcase op wielen,flightcase op wielen,Exact
CaseBuilder SEO-onderzoek,cluster flightcase op wielen,kist op wielen,Exact
CaseBuilder SEO-onderzoek,cluster flightcase op wielen,trolley case,Exact
CaseBuilder SEO-onderzoek,cluster flightcase op wielen,flightcase trolley,Exact
CaseBuilder SEO-onderzoek,cluster flightcase op wielen,office trolley,Exact
CaseBuilder SEO-onderzoek,cluster flightcase op wielen,trolleykoffers,Exact
CaseBuilder SEO-onderzoek,cluster flightcase op wielen,werkzeug trolley,Exact
CaseBuilder SEO-onderzoek,cluster flightcase op wielen,apple imac trolley,Exact
CaseBuilder SEO-onderzoek,cluster flightcase op wielen,borstkoffer met trolleyfunctie voor masterflex l s pompsysteem,Exact
CaseBuilder SEO-onderzoek,cluster flightcase op wielen,case ampeg svt 610hlf wheel,Exact
CaseBuilder SEO-onderzoek,cluster flightcase op wielen,case eurolite pll 360 4in1 wheel,Exact
CaseBuilder SEO-onderzoek,cluster flightcase op wielen,case ignition 2bright blind 3k 2in1 wheel,Exact
CaseBuilder SEO-onderzoek,cluster flightcase op wielen,case ignition 2bright blind 3k 6in1 wheel,Exact
CaseBuilder SEO-onderzoek,cluster flightcase op wielen,case prs sonzera 20 combo wheel,Exact
CaseBuilder SEO-onderzoek,cluster flightcase op wielen,case qsc isis l 282h 2in1 wheels,Exact
CaseBuilder SEO-onderzoek,cluster flightcase op wielen,case seeburg acousti line m1 2in1 wheels,Exact
CaseBuilder SEO-onderzoek,cluster flightcase op wielen,case stairville vintage bowl 50rgba 2in1 wheel,Exact
CaseBuilder SEO-onderzoek,cluster flightcase op wielen,case stairville vintage bowl 50rgba 2in1 wheel col,Exact
CaseBuilder SEO-onderzoek,cluster flightcase op wielen,case teleprompter wheel,Exact
CaseBuilder SEO-onderzoek,cluster flightcase op wielen,flight case for electro voice elx 118p with wheels,Exact
CaseBuilder SEO-onderzoek,cluster flightcase op wielen,flightcase 2x expolite tourspot 300 wheel,Exact
CaseBuilder SEO-onderzoek,cluster flightcase op wielen,flightcase 4x ignition tristan 200 wheel,Exact
CaseBuilder SEO-onderzoek,cluster flightcase op wielen,flightcase 4x litecraft marsx 1 wheel,Exact
CaseBuilder SEO-onderzoek,cluster flightcase op wielen,flightcase audipack 390746 wheel,Exact
CaseBuilder SEO-onderzoek,cluster flightcase op wielen,flightcase epson eb l1100uwheel,Exact
CaseBuilder SEO-onderzoek,cluster flightcase op wielen,flightcase evo frame p10 wheel,Exact
CaseBuilder SEO-onderzoek,cluster flightcase op wielen,flightcase ignition wal l z150 6in1 wheel,Exact
CaseBuilder SEO-onderzoek,cluster flightcase op wielen,flightcase jura giga x8 professional wheel,Exact
CaseBuilder SEO-onderzoek,cluster flightcase op wielen,flightcase kawai es 520 920 wheel,Exact
CaseBuilder SEO-onderzoek,cluster flightcase op wielen,flightcase lara bevandor 3 getraenkeautomat wheel,Exact
CaseBuilder SEO-onderzoek,cluster flightcase op wielen,flightcase mega stacking wheel board sl,Exact
CaseBuilder SEO-onderzoek,cluster flightcase op wielen,flightcase on wheels in red for dr z z best,Exact
CaseBuilder SEO-onderzoek,cluster flightcase op wielen,flightcase qsc k12 k12 2 wheel,Exact
CaseBuilder SEO-onderzoek,cluster flightcase op wielen,flightcase rollensatz,Exact
CaseBuilder SEO-onderzoek,cluster flightcase op wielen,flightcase trolleykoffer kpn,Exact
CaseBuilder SEO-onderzoek,cluster flightcase op wielen,flightcase vox ac 30 incl accessory wheel,Exact
CaseBuilder SEO-onderzoek,cluster flightcase op wielen,flightcase wheel set 80mm,Exact
CaseBuilder SEO-onderzoek,cluster flightcase op wielen,flightcase wood spezial ni kontrol s88 mk3wheel,Exact
CaseBuilder SEO-onderzoek,cluster flightcase op wielen,flightcase yamaha genos wheel,Exact
CaseBuilder SEO-onderzoek,cluster flightcase op wielen,garderoben case auf rollen,Exact
CaseBuilder SEO-onderzoek,cluster flightcase op wielen,kapkoffer 3x qsc la112 vliegend frame wielen,Exact
CaseBuilder SEO-onderzoek,cluster flightcase op wielen,megaflex roadcase 90 bk wheel,Exact
CaseBuilder SEO-onderzoek,cluster flightcase op wielen,profi garderoben case auf rollen,Exact
CaseBuilder SEO-onderzoek,cluster flightcase op wielen,roadcase yamaha pm 5d 5d rh inkl rollen gebremst bk,Exact
CaseBuilder SEO-onderzoek,cluster flightcase op wielen,sauerstoffflaschen trolley,Exact
CaseBuilder SEO-onderzoek,cluster flightcase op wielen,trolley greep met wielen breed,Exact
CaseBuilder SEO-onderzoek,cluster flightcase op wielen,trolley greep met wielen small,Exact
CaseBuilder SEO-onderzoek,cluster flightcase op wielen,trolleyflightcase nach kundenmass,Exact
CaseBuilder SEO-onderzoek,cluster flightcase op wielen,trolleykoffer symphonic gong 40 inch,Exact
CaseBuilder SEO-onderzoek,cluster flightcase op wielen,trolleykoffer voor symphonic gong 34 inch,Exact
CaseBuilder SEO-onderzoek,cluster flightcase op wielen,trolleykoffer voor symphonic gong 36 inch,Exact
CaseBuilder SEO-onderzoek,cluster flightcase op wielen,trolleykoffer voor symphonic gong 38,Exact
CaseBuilder SEO-onderzoek,cluster flightcase op wielen,vox ac30 combo case auf rollen,Exact
CaseBuilder SEO-onderzoek,cluster flightcase op maat,flightcase op maat,Exact
CaseBuilder SEO-onderzoek,cluster flightcase op maat,flightcase configurator,Exact
CaseBuilder SEO-onderzoek,cluster flightcase op maat,flightcase laten maken,Exact
CaseBuilder SEO-onderzoek,cluster flightcase op maat,maatwerk flightcase,Exact
CaseBuilder SEO-onderzoek,cluster flightcase op maat,koffer op maat,Exact
CaseBuilder SEO-onderzoek,cluster flightcase op maat,heavy duty flightcases,Exact
CaseBuilder SEO-onderzoek,cluster flightcase op maat,flightcase maatwerk,Exact
CaseBuilder SEO-onderzoek,cluster flightcase op maat,koffer,Exact
CaseBuilder SEO-onderzoek,cluster flightcase op maat,flight case,Exact
CaseBuilder SEO-onderzoek,cluster flightcase op maat,flightcase specials,Exact
CaseBuilder SEO-onderzoek,cluster flightcase op maat,custom koffercase eco,Exact
CaseBuilder SEO-onderzoek,cluster flightcase op maat,flightcase branding en reclame uitingen,Exact
CaseBuilder SEO-onderzoek,cluster flightcase op maat,flightcase heavy duty ips asml,Exact
CaseBuilder SEO-onderzoek,cluster flightcase op maat,flightcase heavy duty rema send,Exact
CaseBuilder SEO-onderzoek,cluster flightcase op maat,flightcase isotopen radioactieve stoffen vervoer,Exact
CaseBuilder SEO-onderzoek,cluster flightcase op maat,flightcase mobiel radio station,Exact
CaseBuilder SEO-onderzoek,cluster flightcase op maat,pegar designkoffer special,Exact
CaseBuilder SEO-onderzoek,cluster flightcase op maat,toetsenbordhoes special 61 pvc oberheim teo 5,Exact
CaseBuilder SEO-onderzoek,cluster case voor apparaat,flightcase yamaha 01v96,Exact
CaseBuilder SEO-onderzoek,cluster case voor apparaat,case op maat voor apparaat,Exact
CaseBuilder SEO-onderzoek,cluster case voor apparaat,flightcase voor apparaat,Exact
CaseBuilder SEO-onderzoek,cluster case voor apparaat,12er gitarrencase,Exact
CaseBuilder SEO-onderzoek,cluster case voor apparaat,27 imac case 2,Exact
CaseBuilder SEO-onderzoek,cluster case voor apparaat,27 imac case modell 2021,Exact
CaseBuilder SEO-onderzoek,cluster case voor apparaat,apelight maxi v2 6 in 1 koffer,Exact
CaseBuilder SEO-onderzoek,cluster case voor apparaat,arturia astrolab 37 koffer,Exact
CaseBuilder SEO-onderzoek,cluster case voor apparaat,autocuebehuizing geschikt voor aoc e2470sw,Exact
CaseBuilder SEO-onderzoek,cluster case voor apparaat,avolites t3 console wing case,Exact
CaseBuilder SEO-onderzoek,cluster case voor apparaat,blackmagic atem mini extreme iso g2 hood case,Exact
CaseBuilder SEO-onderzoek,cluster case voor apparaat,borstkoffer 4x eurolite ip pix strobe rgb cwww mk2,Exact
CaseBuilder SEO-onderzoek,cluster case voor apparaat,case 18 pairs sticks mallets,Exact
CaseBuilder SEO-onderzoek,cluster case voor apparaat,case 2x seeburg acoustic line a6 dp,Exact
CaseBuilder SEO-onderzoek,cluster case voor apparaat,case 4x ape labs apestick 4,Exact
CaseBuilder SEO-onderzoek,cluster case voor apparaat,case 4x stairville wls dmx pro g5,Exact
CaseBuilder SEO-onderzoek,cluster case voor apparaat,case 5x stairville wls dmx pro g5,Exact
CaseBuilder SEO-onderzoek,cluster case voor apparaat,case 6x eurolite led ip pst 10w pinspot,Exact
CaseBuilder SEO-onderzoek,cluster case voor apparaat,case 6x jb systems accu color led,Exact
CaseBuilder SEO-onderzoek,cluster case voor apparaat,case 8x eurolite led tl 3 trusslight,Exact
CaseBuilder SEO-onderzoek,cluster case voor apparaat,case allenheath ab 168,Exact
CaseBuilder SEO-onderzoek,cluster case voor apparaat,case antari z 3000 ii dmx,Exact
CaseBuilder SEO-onderzoek,cluster case voor apparaat,case apple ipad 7 generation 6in1,Exact
CaseBuilder SEO-onderzoek,cluster case voor apparaat,case apple ipad 8 generation 10in1,Exact
CaseBuilder SEO-onderzoek,cluster case voor apparaat,case apple macbook pro 16,Exact
CaseBuilder SEO-onderzoek,cluster case voor apparaat,case arturia keylab mkii 61,Exact
CaseBuilder SEO-onderzoek,cluster case voor apparaat,case berkel slicer volano tribute 2020,Exact
CaseBuilder SEO-onderzoek,cluster case voor apparaat,case blackmagic atem television stduio hd8 iso,Exact
CaseBuilder SEO-onderzoek,cluster case voor apparaat,case bose s1,Exact
CaseBuilder SEO-onderzoek,cluster case voor apparaat,case bose s1 pro system,Exact
CaseBuilder SEO-onderzoek,cluster case voor apparaat,case bose s1 pro system ear,Exact
CaseBuilder SEO-onderzoek,cluster case voor apparaat,case boss katana 100 head mk ii,Exact
CaseBuilder SEO-onderzoek,cluster case voor apparaat,case briteq bt theatre 100ec mk2 2in1,Exact
CaseBuilder SEO-onderzoek,cluster case voor apparaat,case dell latitude 7400 mac book 13,Exact
CaseBuilder SEO-onderzoek,cluster case voor apparaat,case diezel vh4 el34 topteil,Exact
CaseBuilder SEO-onderzoek,cluster case voor apparaat,case dreadbox erebus v3 dreadbox nyx v2,Exact
CaseBuilder SEO-onderzoek,cluster case voor apparaat,case eurolite led pll 480 cw ww panel,Exact
CaseBuilder SEO-onderzoek,cluster case voor apparaat,case eurolite pll 480 cw ww 4in1,Exact
CaseBuilder SEO-onderzoek,cluster case voor apparaat,case ignition 2bright profile 3k 26 2in1 rg fa,Exact
CaseBuilder SEO-onderzoek,cluster case voor apparaat,case ignition wal l310 6in1 rg,Exact
CaseBuilder SEO-onderzoek,cluster case voor apparaat,case ignition wal l710 6in1 rg,Exact
CaseBuilder SEO-onderzoek,cluster case voor apparaat,case iiyama prolite xub3493wqsu,Exact
CaseBuilder SEO-onderzoek,cluster case voor apparaat,case iiyama t2454msc,Exact
CaseBuilder SEO-onderzoek,cluster case voor apparaat,case jb systems callenger bsw 1in1,Exact
CaseBuilder SEO-onderzoek,cluster case voor apparaat,case kawai es 520 es 920,Exact
CaseBuilder SEO-onderzoek,cluster case voor apparaat,case kettensaege schwertlaenge 45cm,Exact
CaseBuilder SEO-onderzoek,cluster case voor apparaat,case km 10065 notenstaender 20in1 rg,Exact
CaseBuilder SEO-onderzoek,cluster case voor apparaat,case mackie profx16v3,Exact
CaseBuilder SEO-onderzoek,cluster case voor apparaat,case manfrotto 007 bsu 4in1,Exact
CaseBuilder SEO-onderzoek,cluster case voor apparaat,case markbass standard 102hf 8 ohm,Exact
CaseBuilder SEO-onderzoek,cluster case voor apparaat,case melton 196 l bb tuba fasolt,Exact
CaseBuilder SEO-onderzoek,cluster case voor apparaat,case moog subsequent 25,Exact
CaseBuilder SEO-onderzoek,cluster case voor apparaat,case neumann km183 set haun oss schneider disc,Exact
CaseBuilder SEO-onderzoek,cluster case voor apparaat,case ni komplete kontrol s88 mkii,Exact
CaseBuilder SEO-onderzoek,cluster case voor apparaat,case ni traktor kontrol s4 mk2 touchmix 8,Exact
CaseBuilder SEO-onderzoek,cluster case voor apparaat,case ni traktor kontrol s8 2x d2,Exact
CaseBuilder SEO-onderzoek,cluster case voor apparaat,case omnitronic trm 202 mk3,Exact
CaseBuilder SEO-onderzoek,cluster case voor apparaat,case orange ppc 112,Exact
CaseBuilder SEO-onderzoek,cluster case voor apparaat,case panasonic pt mz770 mw730,Exact
CaseBuilder SEO-onderzoek,cluster case voor apparaat,case peavey 515065056505 plus,Exact
CaseBuilder SEO-onderzoek,cluster case voor apparaat,case rowenta pu6080 intense pure air connect,Exact
CaseBuilder SEO-onderzoek,cluster case voor apparaat,case seeburg acoustic line k24,Exact
CaseBuilder SEO-onderzoek,cluster case voor apparaat,case sequential prophet rev2 8 16 desktop,Exact
CaseBuilder SEO-onderzoek,cluster case voor apparaat,case stairville matrixx sc 100 dmx 2in1,Exact
CaseBuilder SEO-onderzoek,cluster case voor apparaat,case studiomaster club xs16,Exact
CaseBuilder SEO-onderzoek,cluster case voor apparaat,case t bone speech 100m 16in1,Exact
CaseBuilder SEO-onderzoek,cluster case voor apparaat,case t bone speech 100m 16in1 2,Exact
CaseBuilder SEO-onderzoek,cluster case voor apparaat,case t bone speech 100m 18in1,Exact
CaseBuilder SEO-onderzoek,cluster case voor apparaat,case t bone speech 100m 25in1,Exact
CaseBuilder SEO-onderzoek,cluster case voor apparaat,case vari mount adapter sequenza 5 2in1,Exact
CaseBuilder SEO-onderzoek,cluster case voor apparaat,case vari mount adapter sequenza 5 n w 2in1,Exact
CaseBuilder SEO-onderzoek,cluster case voor apparaat,case wabcom dtk 2451,Exact
CaseBuilder SEO-onderzoek,cluster case voor apparaat,case yamaha gns ms01,Exact
CaseBuilder SEO-onderzoek,cluster case voor apparaat,controller case ni traktor kontrol s4 mk3 shelf,Exact
CaseBuilder SEO-onderzoek,cluster case voor apparaat,controllercase ni traktor s3 shelf,Exact
CaseBuilder SEO-onderzoek,cluster case voor apparaat,e mu systems flightcase emu sp 1200,Exact
CaseBuilder SEO-onderzoek,cluster case voor apparaat,eco koffer met deksel voor blackmagic design hyperdeck shuttle 4k,Exact
CaseBuilder SEO-onderzoek,cluster case voor apparaat,eurorack behuizing 208,Exact
CaseBuilder SEO-onderzoek,cluster case voor apparaat,flighcase adamson s10p incl frame,Exact
CaseBuilder SEO-onderzoek,cluster case voor apparaat,flight case 12x s nomad,Exact
CaseBuilder SEO-onderzoek,cluster case voor apparaat,flight case 12x s nomad col,Exact
CaseBuilder SEO-onderzoek,cluster case voor apparaat,flight case 1x pro 1900 1x steam cube col,Exact
CaseBuilder SEO-onderzoek,cluster case voor apparaat,flight case 2x minilys,Exact
CaseBuilder SEO-onderzoek,cluster case voor apparaat,flight case 2x minilys col,Exact
CaseBuilder SEO-onderzoek,cluster case voor apparaat,flight case 2x steam cube col,Exact
CaseBuilder SEO-onderzoek,cluster case voor apparaat,flight case 2x stilyscol,Exact
CaseBuilder SEO-onderzoek,cluster case voor apparaat,flightcase 2055f,Exact
CaseBuilder SEO-onderzoek,cluster case voor apparaat,flightcase 2km 80320,Exact
CaseBuilder SEO-onderzoek,cluster case voor apparaat,flightcase 2x adj focus profile,Exact
CaseBuilder SEO-onderzoek,cluster case voor apparaat,flightcase 2x eurolite pll 360,Exact
CaseBuilder SEO-onderzoek,cluster case voor apparaat,flightcase 2x eurolite tmh h90,Exact
CaseBuilder SEO-onderzoek,cluster case voor apparaat,flightcase 2x eurolite tmh s180,Exact
CaseBuilder SEO-onderzoek,cluster case voor apparaat,flightcase 2x ignition wolfram 500,Exact
CaseBuilder SEO-onderzoek,cluster case voor apparaat,flightcase 2x mackie srt 212,Exact
CaseBuilder SEO-onderzoek,cluster case voor apparaat,flightcase 2x stairville infinite pixel 250,Exact
CaseBuilder SEO-onderzoek,cluster case voor apparaat,flightcase 2x stairville infinite pixel 360,Exact
CaseBuilder SEO-onderzoek,cluster case voor apparaat,flightcase 2x stairville infinite pixel mini 90,Exact
CaseBuilder SEO-onderzoek,cluster case voor apparaat,flightcase 2x the t bone sc 450,Exact
CaseBuilder SEO-onderzoek,cluster case voor apparaat,flightcase 2x uitschuif werkblad,Exact
CaseBuilder SEO-onderzoek,cluster case voor apparaat,flightcase 2x vmb te 034 towerlift,Exact
CaseBuilder SEO-onderzoek,cluster case voor apparaat,flightcase 2x xsl flying frame z5770,Exact
CaseBuilder SEO-onderzoek,cluster case voor apparaat,flightcase 35x rollups,Exact
CaseBuilder SEO-onderzoek,cluster case voor apparaat,flightcase 4x clf nero,Exact
CaseBuilder SEO-onderzoek,cluster case voor apparaat,flightcase 4x clf yara hera,Exact
CaseBuilder SEO-onderzoek,cluster case voor apparaat,flightcase 4x headrush frfr 108,Exact
CaseBuilder SEO-onderzoek,cluster case voor apparaat,flightcase 4x stairville infinite pixel 250,Exact
CaseBuilder SEO-onderzoek,cluster case voor apparaat,flightcase 4x stairville infinite pixel 360,Exact
CaseBuilder SEO-onderzoek,cluster case voor apparaat,flightcase 4x stairville infinite pixel mini 90,Exact
CaseBuilder SEO-onderzoek,cluster case voor apparaat,flightcase 6x stairville remus,Exact
CaseBuilder SEO-onderzoek,cluster case voor apparaat,flightcase 80er workstation 4 3 rg,Exact
CaseBuilder SEO-onderzoek,cluster case voor apparaat,flightcase 8x clf yara hera,Exact
CaseBuilder SEO-onderzoek,cluster case voor apparaat,flightcase 8x litecraft bx 7,Exact
CaseBuilder SEO-onderzoek,cluster case voor apparaat,flightcase abs glijlat 394,Exact
CaseBuilder SEO-onderzoek,cluster case voor apparaat,flightcase abs glijlat 494,Exact
CaseBuilder SEO-onderzoek,cluster case voor apparaat,flightcase access virus ti2 desktop kk,Exact
CaseBuilder SEO-onderzoek,cluster case voor apparaat,flightcase adams 2papr ii 23,Exact
CaseBuilder SEO-onderzoek,cluster case voor apparaat,flightcase adams 2papr ii 32,Exact
CaseBuilder SEO-onderzoek,cluster case voor apparaat,flightcase adams gat33,Exact
CaseBuilder SEO-onderzoek,cluster case voor apparaat,flightcase adams vawa30,Exact
CaseBuilder SEO-onderzoek,cluster case voor apparaat,flightcase adamson s10p inkl frame,Exact
CaseBuilder SEO-onderzoek,cluster case voor apparaat,flightcase adamson s7p,Exact
CaseBuilder SEO-onderzoek,cluster case voor apparaat,flightcase adj mega 64 profile plus 12in1,Exact
CaseBuilder SEO-onderzoek,cluster case voor apparaat,flightcase ah c3500,Exact
CaseBuilder SEO-onderzoek,cluster case voor apparaat,flightcase ah cq12t,Exact
CaseBuilder SEO-onderzoek,cluster case voor apparaat,flightcase ah cq18t,Exact
CaseBuilder SEO-onderzoek,cluster case voor apparaat,flightcase ah cq20b,Exact
CaseBuilder SEO-onderzoek,cluster case voor apparaat,flightcase ah qu 16,Exact
CaseBuilder SEO-onderzoek,cluster case voor apparaat,flightcase ah qu 16 2,Exact
CaseBuilder SEO-onderzoek,cluster case voor apparaat,flightcase ah xone 96 pb,Exact
CaseBuilder SEO-onderzoek,cluster case voor apparaat,flightcase air 1177,Exact
CaseBuilder SEO-onderzoek,cluster case voor apparaat,flightcase apelight maxi v2 8 in 1 draagtas,Exact
CaseBuilder SEO-onderzoek,cluster case voor apparaat,flightcase apple imac 27,Exact
CaseBuilder SEO-onderzoek,cluster case voor apparaat,flightcase audipack 390771,Exact
CaseBuilder SEO-onderzoek,cluster case voor apparaat,flightcase audipack fs qr120e,Exact
CaseBuilder SEO-onderzoek,cluster case voor apparaat,flightcase audipack staender 390942,Exact
CaseBuilder SEO-onderzoek,cluster case voor apparaat,flightcase avonic av con300 ip,Exact
CaseBuilder SEO-onderzoek,cluster case voor apparaat,flightcase barco c5,Exact
CaseBuilder SEO-onderzoek,cluster case voor apparaat,flightcase barco x2,Exact
CaseBuilder SEO-onderzoek,cluster case voor apparaat,flightcase blackstar ht 5rh mkii,Exact
CaseBuilder SEO-onderzoek,cluster case voor apparaat,flightcase blackstar jjn 20r mkii combo,Exact
CaseBuilder SEO-onderzoek,cluster case voor apparaat,flightcase blumentopf 30,Exact
CaseBuilder SEO-onderzoek,cluster case voor apparaat,flightcase blumentopf 40,Exact
CaseBuilder SEO-onderzoek,cluster case voor apparaat,flightcase bose l1 pro32 sat,Exact
CaseBuilder SEO-onderzoek,cluster case voor apparaat,flightcase boss me 90 kk,Exact
CaseBuilder SEO-onderzoek,cluster case voor apparaat,flightcase boss rc 505 mk2,Exact
CaseBuilder SEO-onderzoek,cluster case voor apparaat,flightcase bout m6 x 12,Exact
CaseBuilder SEO-onderzoek,cluster case voor apparaat,flightcase bout m6 x 16,Exact
CaseBuilder SEO-onderzoek,cluster case voor apparaat,flightcase breite 65cm hoehe 38cm tiefe 58cm,Exact
CaseBuilder SEO-onderzoek,cluster case voor apparaat,flightcase cartoni c20s dolly tripod,Exact
CaseBuilder SEO-onderzoek,cluster case voor apparaat,flightcase city color cc 1800 c,Exact
CaseBuilder SEO-onderzoek,cluster case voor apparaat,flightcase clavia electro 5d 6d 73,Exact
CaseBuilder SEO-onderzoek,cluster case voor apparaat,flightcase cm lodestar d8 d8 c1,Exact
CaseBuilder SEO-onderzoek,cluster case voor apparaat,flightcase cm lodestar rrs 2t,Exact
CaseBuilder SEO-onderzoek,cluster case voor apparaat,flightcase cola bottle 8in1,Exact
CaseBuilder SEO-onderzoek,cluster case voor apparaat,flightcase coolwork 320,Exact
CaseBuilder SEO-onderzoek,cluster case voor apparaat,flightcase cymbal case 24,Exact
CaseBuilder SEO-onderzoek,cluster case voor apparaat,flightcase desisti leonardo 1kw,Exact
CaseBuilder SEO-onderzoek,cluster case voor apparaat,flightcase desisti leonardo 2kw,Exact
CaseBuilder SEO-onderzoek,cluster case voor apparaat,flightcase digidesign venue sc 48,Exact
CaseBuilder SEO-onderzoek,cluster case voor apparaat,flightcase dim13,Exact
CaseBuilder SEO-onderzoek,cluster case voor apparaat,flightcase dsi prophet 12 module,Exact
CaseBuilder SEO-onderzoek,cluster case voor apparaat,flightcase dts delta 10 f,Exact
CaseBuilder SEO-onderzoek,cluster case voor apparaat,flightcase dts nick nrg 501,Exact
CaseBuilder SEO-onderzoek,cluster case voor apparaat,flightcase dts profilo led 200 4in1 rg,Exact
CaseBuilder SEO-onderzoek,cluster case voor apparaat,flightcase dts scena led 200 4in1,Exact
CaseBuilder SEO-onderzoek,cluster case voor apparaat,flightcase dynacord cms 1600,Exact
CaseBuilder SEO-onderzoek,cluster case voor apparaat,flightcase easy slam 100,Exact
CaseBuilder SEO-onderzoek,cluster case voor apparaat,flightcase easy slam 80,Exact
CaseBuilder SEO-onderzoek,cluster case voor apparaat,flightcase easy slide 100,Exact
CaseBuilder SEO-onderzoek,cluster case voor apparaat,flightcase easy slide 120,Exact
CaseBuilder SEO-onderzoek,cluster case voor apparaat,flightcase easy slide 60,Exact
CaseBuilder SEO-onderzoek,cluster case voor apparaat,flightcase easy slide 80,Exact
CaseBuilder SEO-onderzoek,cluster case voor apparaat,flightcase easyslide dubbel 80cm 100cm 120cm,Exact
CaseBuilder SEO-onderzoek,cluster case voor apparaat,flightcase ecler warm4,Exact
CaseBuilder SEO-onderzoek,cluster case voor apparaat,flightcase engl e633 fireball 25,Exact
CaseBuilder SEO-onderzoek,cluster case voor apparaat,flightcase env2,Exact
CaseBuilder SEO-onderzoek,cluster case voor apparaat,flightcase epson eb l690su draagtas met vakken,Exact
CaseBuilder SEO-onderzoek,cluster case voor apparaat,flightcase epsonehtw9400w,Exact
CaseBuilder SEO-onderzoek,cluster case voor apparaat,flightcase etc4,Exact
CaseBuilder SEO-onderzoek,cluster case voor apparaat,flightcase eurolite led pmb 4 cob qcl 30w,Exact
CaseBuilder SEO-onderzoek,cluster case voor apparaat,flightcase eurolite tmh x4 zoom 4in1,Exact
CaseBuilder SEO-onderzoek,cluster case voor apparaat,flightcase ev everse 12,Exact
CaseBuilder SEO-onderzoek,cluster case voor apparaat,flightcase expolite tourstick 72,Exact
CaseBuilder SEO-onderzoek,cluster case voor apparaat,flightcase extensionmodul t bone speech 100m 16in1,Exact
CaseBuilder SEO-onderzoek,cluster case voor apparaat,flightcase extensionmodul t bone speech 100m 8in1,Exact
CaseBuilder SEO-onderzoek,cluster case voor apparaat,flightcase fcr20azure2000,Exact
CaseBuilder SEO-onderzoek,cluster case voor apparaat,flightcase fcr20mh3,Exact
CaseBuilder SEO-onderzoek,cluster case voor apparaat,flightcase fcr20msp3t,Exact
CaseBuilder SEO-onderzoek,cluster case voor apparaat,flightcase fcr20ycl3,Exact
CaseBuilder SEO-onderzoek,cluster case voor apparaat,flightcase flensplaat steekwiel 50mm,Exact
CaseBuilder SEO-onderzoek,cluster case voor apparaat,flightcase formula sound ff4 2,Exact
CaseBuilder SEO-onderzoek,cluster case voor apparaat,flightcase fst 1140,Exact
CaseBuilder SEO-onderzoek,cluster case voor apparaat,flightcase futurelight dmh 100,Exact
CaseBuilder SEO-onderzoek,cluster case voor apparaat,flightcase futurelight eye 108,Exact
CaseBuilder SEO-onderzoek,cluster case voor apparaat,flightcase gasveer 50n,Exact
CaseBuilder SEO-onderzoek,cluster case voor apparaat,flightcase ge cr30,Exact
CaseBuilder SEO-onderzoek,cluster case voor apparaat,flightcase genz benz 410t xb2,Exact
CaseBuilder SEO-onderzoek,cluster case voor apparaat,flightcase grand ma3 compact xt uitneembaar,Exact
CaseBuilder SEO-onderzoek,cluster case voor apparaat,flightcase haakplaat 90 graden,Exact
CaseBuilder SEO-onderzoek,cluster case voor apparaat,flightcase harley benton mighty 15th,Exact
CaseBuilder SEO-onderzoek,cluster case voor apparaat,flightcase hartke hd508,Exact
CaseBuilder SEO-onderzoek,cluster case voor apparaat,flightcase high end road hog 3tlg,Exact
CaseBuilder SEO-onderzoek,cluster case voor apparaat,flightcase hygiene station 100,Exact
CaseBuilder SEO-onderzoek,cluster case voor apparaat,flightcase ipad air 2 16in1,Exact
CaseBuilder SEO-onderzoek,cluster case voor apparaat,flightcase kempower t800 charger,Exact
CaseBuilder SEO-onderzoek,cluster case voor apparaat,flightcase ketron sd 60,Exact
CaseBuilder SEO-onderzoek,cluster case voor apparaat,flightcase ketron sd 90,Exact
CaseBuilder SEO-onderzoek,cluster case voor apparaat,flightcase klepschaar 134,Exact
CaseBuilder SEO-onderzoek,cluster case voor apparaat,flightcase kolberg 2195 fb windmaschine,Exact
CaseBuilder SEO-onderzoek,cluster case voor apparaat,flightcase kraagbout m6 25,Exact
CaseBuilder SEO-onderzoek,cluster case voor apparaat,flightcase kraagbout m8 25,Exact
CaseBuilder SEO-onderzoek,cluster case voor apparaat,flightcase kraagbout m8 x 16mm 100,Exact
CaseBuilder SEO-onderzoek,cluster case voor apparaat,flightcase kraagbout m8 x 20mm 100,Exact
CaseBuilder SEO-onderzoek,cluster case voor apparaat,flightcase kraagbout m8 x 30mm 100,Exact
CaseBuilder SEO-onderzoek,cluster case voor apparaat,flightcase kvant logolas 3000,Exact
CaseBuilder SEO-onderzoek,cluster case voor apparaat,flightcase l acoustic 5xt 4,Exact
CaseBuilder SEO-onderzoek,cluster case voor apparaat,flightcase l acoustic a15 focus wide,Exact
CaseBuilder SEO-onderzoek,cluster case voor apparaat,flightcase l acoustic x12 2,Exact
CaseBuilder SEO-onderzoek,cluster case voor apparaat,flightcase lasz8,Exact
CaseBuilder SEO-onderzoek,cluster case voor apparaat,flightcase ldde nanopix 2880,Exact
CaseBuilder SEO-onderzoek,cluster case voor apparaat,flightcase leslie 2103 mkii,Exact
CaseBuilder SEO-onderzoek,cluster case voor apparaat,flightcase liebherr gtl 4905,Exact
CaseBuilder SEO-onderzoek,cluster case voor apparaat,flightcase litecraft led outdoor at3,Exact
CaseBuilder SEO-onderzoek,cluster case voor apparaat,flightcase live cover voor alto tmd 16,Exact
CaseBuilder SEO-onderzoek,cluster case voor apparaat,flightcase lts s100 ssae,Exact
CaseBuilder SEO-onderzoek,cluster case voor apparaat,flightcase ma lightcommander 12 2,Exact
CaseBuilder SEO-onderzoek,cluster case voor apparaat,flightcase mackie onyx 12,Exact
CaseBuilder SEO-onderzoek,cluster case voor apparaat,flightcase mackie onyx 16,Exact
CaseBuilder SEO-onderzoek,cluster case voor apparaat,flightcase mackie pro fx 22v3,Exact
CaseBuilder SEO-onderzoek,cluster case voor apparaat,flightcase markbass super combo k1,Exact
CaseBuilder SEO-onderzoek,cluster case voor apparaat,flightcase mdc 88 mobiler dc schnelllader,Exact
CaseBuilder SEO-onderzoek,cluster case voor apparaat,flightcase me600,Exact
CaseBuilder SEO-onderzoek,cluster case voor apparaat,flightcase megaflex wanne 120cm,Exact
CaseBuilder SEO-onderzoek,cluster case voor apparaat,flightcase megaflex wanne 20cm,Exact
CaseBuilder SEO-onderzoek,cluster case voor apparaat,flightcase megaflex wanne 30cm,Exact
CaseBuilder SEO-onderzoek,cluster case voor apparaat,flightcase megaflex wanne 40cm,Exact
CaseBuilder SEO-onderzoek,cluster case voor apparaat,flightcase megaflex wanne 90cm,Exact
CaseBuilder SEO-onderzoek,cluster case voor apparaat,flightcase millenium av410,Exact
CaseBuilder SEO-onderzoek,cluster case voor apparaat,flightcase mocm2,Exact
CaseBuilder SEO-onderzoek,cluster case voor apparaat,flightcase modal cobalt8x,Exact
CaseBuilder SEO-onderzoek,cluster case voor apparaat,flightcase movecast prostage 500 d8,Exact
CaseBuilder SEO-onderzoek,cluster case voor apparaat,flightcase mp900,Exact
CaseBuilder SEO-onderzoek,cluster case voor apparaat,flightcase multicore 120,Exact
CaseBuilder SEO-onderzoek,cluster case voor apparaat,flightcase multiflex 80cm wanne,Exact
CaseBuilder SEO-onderzoek,cluster case voor apparaat,flightcase n pvd 15l bag,Exact
CaseBuilder SEO-onderzoek,cluster case voor apparaat,flightcase n pvd 18l backpack,Exact
CaseBuilder SEO-onderzoek,cluster case voor apparaat,flightcase n pvd 30l backpack,Exact
CaseBuilder SEO-onderzoek,cluster case voor apparaat,flightcase n pvd 35l backpack,Exact
CaseBuilder SEO-onderzoek,cluster case voor apparaat,flightcase n pvd 40l bag,Exact
CaseBuilder SEO-onderzoek,cluster case voor apparaat,flightcase nblcp13,Exact
CaseBuilder SEO-onderzoek,cluster case voor apparaat,flightcase newtek tricaster tc1,Exact
CaseBuilder SEO-onderzoek,cluster case voor apparaat,flightcase newtek vmc1 cs2s,Exact
CaseBuilder SEO-onderzoek,cluster case voor apparaat,flightcase next stage lift 10 dc d8 1000kg,Exact
CaseBuilder SEO-onderzoek,cluster case voor apparaat,flightcase next stage lift 5 dc d8 500kg,Exact
CaseBuilder SEO-onderzoek,cluster case voor apparaat,flightcase novation launchkey 49 mk3,Exact
CaseBuilder SEO-onderzoek,cluster case voor apparaat,flightcase obsidian control nx touchprolite t2252,Exact
CaseBuilder SEO-onderzoek,cluster case voor apparaat,flightcase omnitronic trm 402,Exact
CaseBuilder SEO-onderzoek,cluster case voor apparaat,flightcase opbouwwiel 40mm,Exact
CaseBuilder SEO-onderzoek,cluster case voor apparaat,flightcase opbouwwiel 40mm 2,Exact
CaseBuilder SEO-onderzoek,cluster case voor apparaat,flightcase optoma cinemax p2,Exact
CaseBuilder SEO-onderzoek,cluster case voor apparaat,flightcase optoma eh320ust,Exact
CaseBuilder SEO-onderzoek,cluster case voor apparaat,flightcase optoma zh406st fa,Exact
CaseBuilder SEO-onderzoek,cluster case voor apparaat,flightcase optoma zh500t,Exact
CaseBuilder SEO-onderzoek,cluster case voor apparaat,flightcase optoma zk507 w,Exact
CaseBuilder SEO-onderzoek,cluster case voor apparaat,flightcase optoma zu 720tst,Exact
CaseBuilder SEO-onderzoek,cluster case voor apparaat,flightcase orange crush cr60c combo,Exact
CaseBuilder SEO-onderzoek,cluster case voor apparaat,flightcase orange rockerverb 50c mk iii 212,Exact
CaseBuilder SEO-onderzoek,cluster case voor apparaat,flightcase paiste 32 symphonic gong,Exact
CaseBuilder SEO-onderzoek,cluster case voor apparaat,flightcase panasonic he40s,Exact
CaseBuilder SEO-onderzoek,cluster case voor apparaat,flightcase peavey classic 30 tweed,Exact
CaseBuilder SEO-onderzoek,cluster case voor apparaat,flightcase personenleitsystem 12,Exact
CaseBuilder SEO-onderzoek,cluster case voor apparaat,flightcase polybloc 10 mmo,Exact
CaseBuilder SEO-onderzoek,cluster case voor apparaat,flightcase polybloc 20,Exact
CaseBuilder SEO-onderzoek,cluster case voor apparaat,flightcase polybloc 30,Exact
CaseBuilder SEO-onderzoek,cluster case voor apparaat,flightcase polybloc 40,Exact
CaseBuilder SEO-onderzoek,cluster case voor apparaat,flightcase polybloc 50,Exact
CaseBuilder SEO-onderzoek,cluster case voor apparaat,flightcase polybloc 5mm,Exact
CaseBuilder SEO-onderzoek,cluster case voor apparaat,flightcase polybloc 60,Exact
CaseBuilder SEO-onderzoek,cluster case voor apparaat,flightcase polybloc 80,Exact
CaseBuilder SEO-onderzoek,cluster case voor apparaat,flightcase portman p1,Exact
CaseBuilder SEO-onderzoek,cluster case voor apparaat,flightcase portman p1 retro,Exact
CaseBuilder SEO-onderzoek,cluster case voor apparaat,flightcase portman p2 hexaline,Exact
CaseBuilder SEO-onderzoek,cluster case voor apparaat,flightcase pro line verstelbaar binnenwerk 100,Exact
CaseBuilder SEO-onderzoek,cluster case voor apparaat,flightcase pro line verstelbaar binnenwerk 120,Exact
CaseBuilder SEO-onderzoek,cluster case voor apparaat,flightcase pro line verstelbaar binnenwerk 60,Exact
CaseBuilder SEO-onderzoek,cluster case voor apparaat,flightcase pro line verstelbaar binnenwerk 80,Exact
CaseBuilder SEO-onderzoek,cluster case voor apparaat,flightcase pvc ni kontrol s49 mk3,Exact
CaseBuilder SEO-onderzoek,cluster case voor apparaat,flightcase pvc ni kontrol s61 mk3,Exact
CaseBuilder SEO-onderzoek,cluster case voor apparaat,flightcase pvc optoma zu500 uste fa,Exact
CaseBuilder SEO-onderzoek,cluster case voor apparaat,flightcase reitsattel 2in1,Exact
CaseBuilder SEO-onderzoek,cluster case voor apparaat,flightcase reloop rmx 44bt,Exact
CaseBuilder SEO-onderzoek,cluster case voor apparaat,flightcase rode nt1 a,Exact
CaseBuilder SEO-onderzoek,cluster case voor apparaat,flightcase ross td2 touch drive,Exact
CaseBuilder SEO-onderzoek,cluster case voor apparaat,flightcase schill gt 380 rm,Exact
CaseBuilder SEO-onderzoek,cluster case voor apparaat,flightcase schoenenkast met 22 vakken,Exact
CaseBuilder SEO-onderzoek,cluster case voor apparaat,flightcase schouderband 106 178cm,Exact
CaseBuilder SEO-onderzoek,cluster case voor apparaat,flightcase seeburg acoustic line x2 dp,Exact
CaseBuilder SEO-onderzoek,cluster case voor apparaat,flightcase seeburg acoustic line x4 dp,Exact
CaseBuilder SEO-onderzoek,cluster case voor apparaat,flightcase selecon pacific 55 13,Exact
CaseBuilder SEO-onderzoek,cluster case voor apparaat,flightcase sequential prophet 5 10,Exact
CaseBuilder SEO-onderzoek,cluster case voor apparaat,flightcase sgm p5 air sip,Exact
CaseBuilder SEO-onderzoek,cluster case voor apparaat,flightcase sgm sixpack sp6,Exact
CaseBuilder SEO-onderzoek,cluster case voor apparaat,flightcase showlite flp 144 8in1,Exact
CaseBuilder SEO-onderzoek,cluster case voor apparaat,flightcase silver jura x8,Exact
CaseBuilder SEO-onderzoek,cluster case voor apparaat,flightcase sony pxw z150,Exact
CaseBuilder SEO-onderzoek,cluster case voor apparaat,flightcase stairville fan 200,Exact
CaseBuilder SEO-onderzoek,cluster case voor apparaat,flightcase stairville vf 1200 dmx vertifog co2 fx,Exact
CaseBuilder SEO-onderzoek,cluster case voor apparaat,flightcase storage 80 cm 100 cm 120,Exact
CaseBuilder SEO-onderzoek,cluster case voor apparaat,flightcase studiomaster club xs12,Exact
CaseBuilder SEO-onderzoek,cluster case voor apparaat,flightcase sz4fks,Exact
CaseBuilder SEO-onderzoek,cluster case voor apparaat,flightcase tente lenkrolle 100mm,Exact
CaseBuilder SEO-onderzoek,cluster case voor apparaat,flightcase tente lenkrolle 100mm gebremst,Exact
CaseBuilder SEO-onderzoek,cluster case voor apparaat,flightcase tfn 1200,Exact
CaseBuilder SEO-onderzoek,cluster case voor apparaat,flightcase truss connector 0 174,Exact
CaseBuilder SEO-onderzoek,cluster case voor apparaat,flightcase tyst ty 1500,Exact
CaseBuilder SEO-onderzoek,cluster case voor apparaat,flightcase vari lite vl 2600,Exact
CaseBuilder SEO-onderzoek,cluster case voor apparaat,flightcase vari lite vl 4000,Exact
CaseBuilder SEO-onderzoek,cluster case voor apparaat,flightcase vari lite vl 4000 2,Exact
CaseBuilder SEO-onderzoek,cluster case voor apparaat,flightcase vari lite vl 440 770 880,Exact
CaseBuilder SEO-onderzoek,cluster case voor apparaat,flightcase vari lite vl 440 770 880 2,Exact
CaseBuilder SEO-onderzoek,cluster case voor apparaat,flightcase vari lite vl 6000,Exact
CaseBuilder SEO-onderzoek,cluster case voor apparaat,flightcase venue s6l 16c,Exact
CaseBuilder SEO-onderzoek,cluster case voor apparaat,flightcase viscount legend 70 ex,Exact
CaseBuilder SEO-onderzoek,cluster case voor apparaat,flightcase viscount legend 70s compact ex,Exact
CaseBuilder SEO-onderzoek,cluster case voor apparaat,flightcase vivitek dh856 857 858n,Exact
CaseBuilder SEO-onderzoek,cluster case voor apparaat,flightcase voor 2x adj hydro hybrid,Exact
CaseBuilder SEO-onderzoek,cluster case voor apparaat,flightcase voor 4x infinity iw 741,Exact
CaseBuilder SEO-onderzoek,cluster case voor apparaat,flightcase voor een allenheath c3500,Exact
CaseBuilder SEO-onderzoek,cluster case voor apparaat,flightcase voor metro gsc 4280 b drankenkoeler,Exact
CaseBuilder SEO-onderzoek,cluster case voor apparaat,flightcase waves emotion lv1 classic afzuigkap,Exact
CaseBuilder SEO-onderzoek,cluster case voor apparaat,flightcase wmf 1100s abnehmbares rollbett,Exact
CaseBuilder SEO-onderzoek,cluster case voor apparaat,flightcase yamaha cp1,Exact
CaseBuilder SEO-onderzoek,cluster case voor apparaat,flightcase yamaha genos 76,Exact
CaseBuilder SEO-onderzoek,cluster case voor apparaat,flightcase yamaha ls 9 32 2tlg,Exact
CaseBuilder SEO-onderzoek,cluster case voor apparaat,flightcase yamaha ls 9 32 3tlg,Exact
CaseBuilder SEO-onderzoek,cluster case voor apparaat,flightcase yamaha m7cl,Exact
CaseBuilder SEO-onderzoek,cluster case voor apparaat,flightcase yamaha m7cl 2tlg,Exact
CaseBuilder SEO-onderzoek,cluster case voor apparaat,flightcase yamaha mg 16xu 20xu,Exact
CaseBuilder SEO-onderzoek,cluster case voor apparaat,flightcase yamaha mg06,Exact
CaseBuilder SEO-onderzoek,cluster case voor apparaat,flightcase yamaha mgp 32x,Exact
CaseBuilder SEO-onderzoek,cluster case voor apparaat,flightcase yamaha pm5,Exact
CaseBuilder SEO-onderzoek,cluster case voor apparaat,flightcase yamaha rivage pm5,Exact
CaseBuilder SEO-onderzoek,cluster case voor apparaat,flightcase yamaha yc61,Exact
CaseBuilder SEO-onderzoek,cluster case voor apparaat,flightcase yamaha yc61 2,Exact
CaseBuilder SEO-onderzoek,cluster case voor apparaat,flightcase yamaha yc73,Exact
CaseBuilder SEO-onderzoek,cluster case voor apparaat,flightcase yamaha yc88,Exact
CaseBuilder SEO-onderzoek,cluster case voor apparaat,flightcase yamahadm73tg,Exact
CaseBuilder SEO-onderzoek,cluster case voor apparaat,flightcase zero 88 leap frog 96,Exact
CaseBuilder SEO-onderzoek,cluster case voor apparaat,flightcase zoom livetrak l 20,Exact
CaseBuilder SEO-onderzoek,cluster case voor apparaat,flightcase zoom r 16 r 24,Exact
CaseBuilder SEO-onderzoek,cluster case voor apparaat,flip down case yamaha pm3,Exact
CaseBuilder SEO-onderzoek,cluster case voor apparaat,flip down case yamaha pm7,Exact
CaseBuilder SEO-onderzoek,cluster case voor apparaat,gedeelde robuuste behuizing 4x qsc la108 vliegend frame,Exact
CaseBuilder SEO-onderzoek,cluster case voor apparaat,gitarrencase gretsch g 5700 lap steel,Exact
CaseBuilder SEO-onderzoek,cluster case voor apparaat,heavy flip case tascam sonicview 24,Exact
CaseBuilder SEO-onderzoek,cluster case voor apparaat,heavy flip down case yamaha pm5,Exact
CaseBuilder SEO-onderzoek,cluster case voor apparaat,hood case waves emotion lv1 control,Exact
CaseBuilder SEO-onderzoek,cluster case voor apparaat,koffercase bose l1model 1s,Exact
CaseBuilder SEO-onderzoek,cluster case voor apparaat,koffercase traversenverbinder 2448,Exact
CaseBuilder SEO-onderzoek,cluster case voor apparaat,laptop case fcr bdx lp01,Exact
CaseBuilder SEO-onderzoek,cluster case voor apparaat,laptop case gopro hero7,Exact
CaseBuilder SEO-onderzoek,cluster case voor apparaat,lightcase ignition co6 v2 led flood rgbw,Exact
CaseBuilder SEO-onderzoek,cluster case voor apparaat,lightcase ignition co9z led flood,Exact
CaseBuilder SEO-onderzoek,cluster case voor apparaat,live roadcase allenheath qu 5 5d,Exact
CaseBuilder SEO-onderzoek,cluster case voor apparaat,lp profi filghtcase 90 110,Exact
CaseBuilder SEO-onderzoek,cluster case voor apparaat,microphone flight case 14 pb,Exact
CaseBuilder SEO-onderzoek,cluster case voor apparaat,packcase 120rg sst,Exact
CaseBuilder SEO-onderzoek,cluster case voor apparaat,pro line flightcase voor 4x foss f7,Exact
CaseBuilder SEO-onderzoek,cluster case voor apparaat,professionele flightcase voor waves lv1 classic,Exact
CaseBuilder SEO-onderzoek,cluster case voor apparaat,professionele hoekcase voor een softijs machine rcsi 24,Exact
CaseBuilder SEO-onderzoek,cluster case voor apparaat,rako euronorm e2 accessoirebox,Exact
CaseBuilder SEO-onderzoek,cluster case voor apparaat,scheidingswandset accessoire koffer e2 euronorm polyboard,Exact
CaseBuilder SEO-onderzoek,cluster case voor apparaat,smartmetals 65 plasmastaender doppelcase,Exact
CaseBuilder SEO-onderzoek,cluster case voor apparaat,smartmetals standcase 50,Exact
CaseBuilder SEO-onderzoek,cluster case voor apparaat,stairville scansphere 300 borstkoffer compartiment,Exact
CaseBuilder SEO-onderzoek,cluster case voor apparaat,statievenkist 16 voudig pvc kokers,Exact
CaseBuilder SEO-onderzoek,cluster case voor apparaat,teleprompter case aoc e2470sw,Exact
CaseBuilder SEO-onderzoek,cluster case voor apparaat,toetsenbordhoes type 1 expressive e osmose 61,Exact
CaseBuilder SEO-onderzoek,cluster case voor apparaat,trusspinnen koffer 100,Exact
CaseBuilder SEO-onderzoek,cluster case voor apparaat,wardrobe flightcase groot model 120 cm breed,Exact
CaseBuilder SEO-onderzoek,cluster case voor apparaat,wardrobe flightcase klein model 60 cm breed,Exact
CaseBuilder SEO-onderzoek,cluster case voor apparaat,wardrobe flightcase middel groot model 80cm breed,Exact
CaseBuilder SEO-onderzoek,cluster case voor apparaat,zoom livetrak l12next koffer,Exact
CaseBuilder SEO-onderzoek,cluster flightcases algemeen,koffers,Exact
CaseBuilder SEO-onderzoek,cluster flightcases algemeen,flightcases,Exact
CaseBuilder SEO-onderzoek,cluster flightcases algemeen,flightcase koffer,Exact
CaseBuilder SEO-onderzoek,cluster flightcases algemeen,flightcase kopen,Exact
CaseBuilder SEO-onderzoek,cluster flightcases algemeen,accessory case,Exact
CaseBuilder SEO-onderzoek,cluster flightcases algemeen,aktenkoffer,Exact
CaseBuilder SEO-onderzoek,cluster flightcases algemeen,case in case,Exact
CaseBuilder SEO-onderzoek,cluster flightcases algemeen,cover case,Exact
CaseBuilder SEO-onderzoek,cluster flightcases algemeen,economy case,Exact
CaseBuilder SEO-onderzoek,cluster flightcases algemeen,emergency case,Exact
CaseBuilder SEO-onderzoek,cluster flightcases algemeen,flightcase heavy duty,Exact
CaseBuilder SEO-onderzoek,cluster flightcases algemeen,flightcase samenstellen,Exact
CaseBuilder SEO-onderzoek,cluster flightcases algemeen,flightcase wardrobe,Exact
CaseBuilder SEO-onderzoek,cluster flightcases algemeen,koffercase,Exact
CaseBuilder SEO-onderzoek,cluster flightcases algemeen,office case,Exact
CaseBuilder SEO-onderzoek,cluster flightcases algemeen,seat case,Exact
CaseBuilder SEO-onderzoek,cluster flightcases algemeen,single door case,Exact
CaseBuilder SEO-onderzoek,cluster flightcases algemeen,stolp case,Exact
CaseBuilder SEO-onderzoek,cluster flightcases algemeen,universele flightcase,Exact
CaseBuilder SEO-onderzoek,cluster flightcases algemeen,werkzeugkoffer,Exact
CaseBuilder SEO-onderzoek,cluster flightcases algemeen,whiskey flightcase,Exact
CaseBuilder SEO-onderzoek,cluster flightcases algemeen,flightcase,Exact
CaseBuilder SEO-onderzoek,cluster flightcases algemeen,flightcase entertainment,Exact
CaseBuilder SEO-onderzoek,cluster flightcases algemeen,flightcase flex line,Exact
CaseBuilder SEO-onderzoek,cluster flightcases algemeen,flightcase gebrauchtshop,Exact
CaseBuilder SEO-onderzoek,cluster flightcases algemeen,flightcase lite line,Exact
CaseBuilder SEO-onderzoek,cluster flightcases algemeen,flightcase pro line,Exact
CaseBuilder SEO-onderzoek,cluster flightcases algemeen,flightcase rq systeem,Exact
CaseBuilder SEO-onderzoek,cluster flightcases algemeen,standaard koffers,Exact
CaseBuilder SEO-onderzoek,cluster flightcases algemeen,accessoire flightcase 8,Exact
CaseBuilder SEO-onderzoek,cluster flightcases algemeen,accessoirekoffer,Exact
CaseBuilder SEO-onderzoek,cluster flightcases algemeen,accessory case for 6 leds,Exact
CaseBuilder SEO-onderzoek,cluster flightcases algemeen,accessory case inside,Exact
CaseBuilder SEO-onderzoek,cluster flightcases algemeen,accessory case xl plus,Exact
CaseBuilder SEO-onderzoek,cluster flightcases algemeen,akai professional mpc live iii koffer,Exact
CaseBuilder SEO-onderzoek,cluster flightcases algemeen,akai professional mpc xl koffer,Exact
CaseBuilder SEO-onderzoek,cluster flightcases algemeen,alphatheta rmx ignite case met afneembaar deksel,Exact
CaseBuilder SEO-onderzoek,cluster flightcases algemeen,apelabs neon tubes 6 in 1 borstkoffer,Exact
CaseBuilder SEO-onderzoek,cluster flightcases algemeen,asbach case,Exact
CaseBuilder SEO-onderzoek,cluster flightcases algemeen,cargo flightcase dog l,Exact
CaseBuilder SEO-onderzoek,cluster flightcases algemeen,cargo flightcase l,Exact
CaseBuilder SEO-onderzoek,cluster flightcases algemeen,cargo flightcase xl,Exact
CaseBuilder SEO-onderzoek,cluster flightcases algemeen,case akai mpc live ii kk,Exact
CaseBuilder SEO-onderzoek,cluster flightcases algemeen,case alesis samplepad,Exact
CaseBuilder SEO-onderzoek,cluster flightcases algemeen,case bergerault acoustic deflector bda,Exact
CaseBuilder SEO-onderzoek,cluster flightcases algemeen,case bilderrahmen,Exact
CaseBuilder SEO-onderzoek,cluster flightcases algemeen,case blackmagic atem 1 m e advanced panel,Exact
CaseBuilder SEO-onderzoek,cluster flightcases algemeen,case blackmagic atem mini extreme iso,Exact
CaseBuilder SEO-onderzoek,cluster flightcases algemeen,case blackmagic davinci resolve micro panel,Exact
CaseBuilder SEO-onderzoek,cluster flightcases algemeen,case blackmagic davinci resolve speed editor,Exact
CaseBuilder SEO-onderzoek,cluster flightcases algemeen,case blackmagic design atem,Exact
CaseBuilder SEO-onderzoek,cluster flightcases algemeen,case blackmagic design atem 1 m e advanced panel,Exact
CaseBuilder SEO-onderzoek,cluster flightcases algemeen,case cisco webex desk,Exact
CaseBuilder SEO-onderzoek,cluster flightcases algemeen,case dsi sequential prophet 6,Exact
CaseBuilder SEO-onderzoek,cluster flightcases algemeen,case dsi sequential prophet 6 desktop kk,Exact
CaseBuilder SEO-onderzoek,cluster flightcases algemeen,case elektron analog four mkii,Exact
CaseBuilder SEO-onderzoek,cluster flightcases algemeen,case elektron digitone keys,Exact
CaseBuilder SEO-onderzoek,cluster flightcases algemeen,case eurolite led party panel rgbuv,Exact
CaseBuilder SEO-onderzoek,cluster flightcases algemeen,case fame forum iv sd transucent blue,Exact
CaseBuilder SEO-onderzoek,cluster flightcases algemeen,case fishman loudbox,Exact
CaseBuilder SEO-onderzoek,cluster flightcases algemeen,case for fire extinguishers,Exact
CaseBuilder SEO-onderzoek,cluster flightcases algemeen,case glockenglang blue sky combo,Exact
CaseBuilder SEO-onderzoek,cluster flightcases algemeen,case ma on pc commandwingfaderwing,Exact
CaseBuilder SEO-onderzoek,cluster flightcases algemeen,case met afneembaar deksel voor akai professional mpc sample,Exact
CaseBuilder SEO-onderzoek,cluster flightcases algemeen,case numark mixstream,Exact
CaseBuilder SEO-onderzoek,cluster flightcases algemeen,case orange tiny terror,Exact
CaseBuilder SEO-onderzoek,cluster flightcases algemeen,case play different model 1 4,Exact
CaseBuilder SEO-onderzoek,cluster flightcases algemeen,case sandberg california vs lionel pw bkb,Exact
CaseBuilder SEO-onderzoek,cluster flightcases algemeen,case sequential pro 3 specal edition,Exact
CaseBuilder SEO-onderzoek,cluster flightcases algemeen,case soundman dummy head john,Exact
CaseBuilder SEO-onderzoek,cluster flightcases algemeen,case ssl solid state logic big six,Exact
CaseBuilder SEO-onderzoek,cluster flightcases algemeen,case tascam mixcast 4 kk,Exact
CaseBuilder SEO-onderzoek,cluster flightcases algemeen,case yamaha reface,Exact
CaseBuilder SEO-onderzoek,cluster flightcases algemeen,chair flightcase,Exact
CaseBuilder SEO-onderzoek,cluster flightcases algemeen,controller case numark ns 4 fx pb,Exact
CaseBuilder SEO-onderzoek,cluster flightcases algemeen,counter case rocket espresso milano,Exact
CaseBuilder SEO-onderzoek,cluster flightcases algemeen,darkglass anagram pedaalkoffer,Exact
CaseBuilder SEO-onderzoek,cluster flightcases algemeen,economy koffer,Exact
CaseBuilder SEO-onderzoek,cluster flightcases algemeen,flex cut koffer,Exact
CaseBuilder SEO-onderzoek,cluster flightcases algemeen,flightcase 2 adj focus hybrid,Exact
CaseBuilder SEO-onderzoek,cluster flightcases algemeen,flightcase abc pulver feuerloescher,Exact
CaseBuilder SEO-onderzoek,cluster flightcases algemeen,flightcase abs glijvoet,Exact
CaseBuilder SEO-onderzoek,cluster flightcases algemeen,flightcase adj entour faze,Exact
CaseBuilder SEO-onderzoek,cluster flightcases algemeen,flightcase adj link pvc bk,Exact
CaseBuilder SEO-onderzoek,cluster flightcases algemeen,flightcase ah avantis,Exact
CaseBuilder SEO-onderzoek,cluster flightcases algemeen,flightcase ah avantis solo,Exact
CaseBuilder SEO-onderzoek,cluster flightcases algemeen,flightcase ah avantis solo 2,Exact
CaseBuilder SEO-onderzoek,cluster flightcases algemeen,flightcase akai mpc,Exact
CaseBuilder SEO-onderzoek,cluster flightcases algemeen,flightcase akai mpc one,Exact
CaseBuilder SEO-onderzoek,cluster flightcases algemeen,flightcase alesis strike multipad,Exact
CaseBuilder SEO-onderzoek,cluster flightcases algemeen,flightcase alesis turbo mesh,Exact
CaseBuilder SEO-onderzoek,cluster flightcases algemeen,flightcase alesis vortex wireless 2,Exact
CaseBuilder SEO-onderzoek,cluster flightcases algemeen,flightcase ampeg svt,Exact
CaseBuilder SEO-onderzoek,cluster flightcases algemeen,flightcase apple imac,Exact
CaseBuilder SEO-onderzoek,cluster flightcases algemeen,flightcase arturia polybrute,Exact
CaseBuilder SEO-onderzoek,cluster flightcases algemeen,flightcase barco mistrip,Exact
CaseBuilder SEO-onderzoek,cluster flightcases algemeen,flightcase base,Exact
CaseBuilder SEO-onderzoek,cluster flightcases algemeen,flightcase berken betonplex,Exact
CaseBuilder SEO-onderzoek,cluster flightcases algemeen,flightcase beugel voor schouderband,Exact
CaseBuilder SEO-onderzoek,cluster flightcases algemeen,flightcase blackmagic atem 2 m e advanced pane,Exact
CaseBuilder SEO-onderzoek,cluster flightcases algemeen,flightcase blackmagic design atem mini extreme,Exact
CaseBuilder SEO-onderzoek,cluster flightcases algemeen,flightcase blackmagic design panel,Exact
CaseBuilder SEO-onderzoek,cluster flightcases algemeen,flightcase boss acoustic singer live lt,Exact
CaseBuilder SEO-onderzoek,cluster flightcases algemeen,flightcase boss katana artist head mkii,Exact
CaseBuilder SEO-onderzoek,cluster flightcases algemeen,flightcase co feuerloescher,Exact
CaseBuilder SEO-onderzoek,cluster flightcases algemeen,flightcase couchtable,Exact
CaseBuilder SEO-onderzoek,cluster flightcases algemeen,flightcase desi handdesinfektionsstataion,Exact
CaseBuilder SEO-onderzoek,cluster flightcases algemeen,flightcase desinfektionsstaender tisch,Exact
CaseBuilder SEO-onderzoek,cluster flightcases algemeen,flightcase die kleine kueche,Exact
CaseBuilder SEO-onderzoek,cluster flightcases algemeen,flightcase dolly,Exact
CaseBuilder SEO-onderzoek,cluster flightcases algemeen,flightcase double door mc,Exact
CaseBuilder SEO-onderzoek,cluster flightcases algemeen,flightcase drohne hexa,Exact
CaseBuilder SEO-onderzoek,cluster flightcases algemeen,flightcase drohne uni,Exact
CaseBuilder SEO-onderzoek,cluster flightcases algemeen,flightcase dsi sequential prophet 5 desktop module kk,Exact
CaseBuilder SEO-onderzoek,cluster flightcases algemeen,flightcase dts katana,Exact
CaseBuilder SEO-onderzoek,cluster flightcases algemeen,flightcase elektron tonverk afzuigkap,Exact
CaseBuilder SEO-onderzoek,cluster flightcases algemeen,flightcase epson eb l,Exact
CaseBuilder SEO-onderzoek,cluster flightcases algemeen,flightcase expolite tourled city,Exact
CaseBuilder SEO-onderzoek,cluster flightcases algemeen,flightcase fcr arcs wide 2,Exact
CaseBuilder SEO-onderzoek,cluster flightcases algemeen,flightcase flexrax,Exact
CaseBuilder SEO-onderzoek,cluster flightcases algemeen,flightcase for a designs reddi di,Exact
CaseBuilder SEO-onderzoek,cluster flightcases algemeen,flightcase futurelight mega wave i led,Exact
CaseBuilder SEO-onderzoek,cluster flightcases algemeen,flightcase futurelight wave,Exact
CaseBuilder SEO-onderzoek,cluster flightcases algemeen,flightcase galileo maestro ii,Exact
CaseBuilder SEO-onderzoek,cluster flightcases algemeen,flightcase glockenklang 6,Exact
CaseBuilder SEO-onderzoek,cluster flightcases algemeen,flightcase haakplaat,Exact
CaseBuilder SEO-onderzoek,cluster flightcases algemeen,flightcase hbc az,Exact
CaseBuilder SEO-onderzoek,cluster flightcases algemeen,flightcase high end road hog,Exact
CaseBuilder SEO-onderzoek,cluster flightcases algemeen,flightcase high end wholehog 3,Exact
CaseBuilder SEO-onderzoek,cluster flightcases algemeen,flightcase ignition led ball,Exact
CaseBuilder SEO-onderzoek,cluster flightcases algemeen,flightcase industrial,Exact
CaseBuilder SEO-onderzoek,cluster flightcases algemeen,flightcase inzetbak,Exact
CaseBuilder SEO-onderzoek,cluster flightcases algemeen,flightcase jacobs kaffeemaschine,Exact
CaseBuilder SEO-onderzoek,cluster flightcases algemeen,flightcase jem glaciator dynamic,Exact
CaseBuilder SEO-onderzoek,cluster flightcases algemeen,flightcase kaffeetheke,Exact
CaseBuilder SEO-onderzoek,cluster flightcases algemeen,flightcase kf sequenza 5 flugrahmen,Exact
CaseBuilder SEO-onderzoek,cluster flightcases algemeen,flightcase kurzweil pc 4,Exact
CaseBuilder SEO-onderzoek,cluster flightcases algemeen,flightcase l acoustic arcs focus,Exact
CaseBuilder SEO-onderzoek,cluster flightcases algemeen,flightcase l acoustic kara,Exact
CaseBuilder SEO-onderzoek,cluster flightcases algemeen,flightcase l acoustic mbump 2 mbar 2,Exact
CaseBuilder SEO-onderzoek,cluster flightcases algemeen,flightcase l acoustic syva 2,Exact
CaseBuilder SEO-onderzoek,cluster flightcases algemeen,flightcase labeling,Exact
CaseBuilder SEO-onderzoek,cluster flightcases algemeen,flightcase leitz hr,Exact
CaseBuilder SEO-onderzoek,cluster flightcases algemeen,flightcase litecraft powerbar 4,Exact
CaseBuilder SEO-onderzoek,cluster flightcases algemeen,flightcase look unique 2 nebelmaschine,Exact
CaseBuilder SEO-onderzoek,cluster flightcases algemeen,flightcase los tussenschot,Exact
CaseBuilder SEO-onderzoek,cluster flightcases algemeen,flightcase ma onpc command wing,Exact
CaseBuilder SEO-onderzoek,cluster flightcases algemeen,flightcase ma onpc commandwing,Exact
CaseBuilder SEO-onderzoek,cluster flightcases algemeen,flightcase ma onpc fader wing,Exact
CaseBuilder SEO-onderzoek,cluster flightcases algemeen,flightcase mac one 6,Exact
CaseBuilder SEO-onderzoek,cluster flightcases algemeen,flightcase mackie onyx 8,Exact
CaseBuilder SEO-onderzoek,cluster flightcases algemeen,flightcase marleaux tiuz 5,Exact
CaseBuilder SEO-onderzoek,cluster flightcases algemeen,flightcase megaflex wannen eintelung,Exact
CaseBuilder SEO-onderzoek,cluster flightcases algemeen,flightcase met deksel voor pacojet 2,Exact
CaseBuilder SEO-onderzoek,cluster flightcases algemeen,flightcase millenium nonapad,Exact
CaseBuilder SEO-onderzoek,cluster flightcases algemeen,flightcase mio,Exact
CaseBuilder SEO-onderzoek,cluster flightcases algemeen,flightcase mobiele garderobekast voor bijvoorbeeld pakken kostuums,Exact
CaseBuilder SEO-onderzoek,cluster flightcases algemeen,flightcase mobile workstation,Exact
CaseBuilder SEO-onderzoek,cluster flightcases algemeen,flightcase modal cobalt 8,Exact
CaseBuilder SEO-onderzoek,cluster flightcases algemeen,flightcase moog grandmother,Exact
CaseBuilder SEO-onderzoek,cluster flightcases algemeen,flightcase numark scratch,Exact
CaseBuilder SEO-onderzoek,cluster flightcases algemeen,flightcase obsidian nx wing,Exact
CaseBuilder SEO-onderzoek,cluster flightcases algemeen,flightcase padded dividers,Exact
CaseBuilder SEO-onderzoek,cluster flightcases algemeen,flightcase pearl mimic pro mount,Exact
CaseBuilder SEO-onderzoek,cluster flightcases algemeen,flightcase pipe drape kar wentex,Exact
CaseBuilder SEO-onderzoek,cluster flightcases algemeen,flightcase plantenbak,Exact
CaseBuilder SEO-onderzoek,cluster flightcases algemeen,flightcase portman mantis,Exact
CaseBuilder SEO-onderzoek,cluster flightcases algemeen,flightcase pro line vakkenkast,Exact
CaseBuilder SEO-onderzoek,cluster flightcases algemeen,flightcase pvc spezial yamaha genos 2,Exact
CaseBuilder SEO-onderzoek,cluster flightcases algemeen,flightcase rgblink,Exact
CaseBuilder SEO-onderzoek,cluster flightcases algemeen,flightcase robert juliat cyrano,Exact
CaseBuilder SEO-onderzoek,cluster flightcases algemeen,flightcase robert juliat dartagnan,Exact
CaseBuilder SEO-onderzoek,cluster flightcases algemeen,flightcase robert juliat flo,Exact
CaseBuilder SEO-onderzoek,cluster flightcases algemeen,flightcase robert juliat roxie,Exact
CaseBuilder SEO-onderzoek,cluster flightcases algemeen,flightcase rock,Exact
CaseBuilder SEO-onderzoek,cluster flightcases algemeen,flightcase rode rodecaster,Exact
CaseBuilder SEO-onderzoek,cluster flightcases algemeen,flightcase rode rodecaster pro ii,Exact
CaseBuilder SEO-onderzoek,cluster flightcases algemeen,flightcase rode rodecaster pro pb,Exact
CaseBuilder SEO-onderzoek,cluster flightcases algemeen,flightcase scenius unico,Exact
CaseBuilder SEO-onderzoek,cluster flightcases algemeen,flightcase sequential pro 3,Exact
CaseBuilder SEO-onderzoek,cluster flightcases algemeen,flightcase sequential prophet xl,Exact
CaseBuilder SEO-onderzoek,cluster flightcases algemeen,flightcase sequential take 5,Exact
CaseBuilder SEO-onderzoek,cluster flightcases algemeen,flightcase sgm x 5 p 5 q 7,Exact
CaseBuilder SEO-onderzoek,cluster flightcases algemeen,flightcase single door cleaning trolly,Exact
CaseBuilder SEO-onderzoek,cluster flightcases algemeen,flightcase snare,Exact
CaseBuilder SEO-onderzoek,cluster flightcases algemeen,flightcase solid,Exact
CaseBuilder SEO-onderzoek,cluster flightcases algemeen,flightcase stairville prometheus spark 1,Exact
CaseBuilder SEO-onderzoek,cluster flightcases algemeen,flightcase stands on stage,Exact
CaseBuilder SEO-onderzoek,cluster flightcases algemeen,flightcase tc electronic nova system effektgeraet,Exact
CaseBuilder SEO-onderzoek,cluster flightcases algemeen,flightcase tft dualscreen,Exact
CaseBuilder SEO-onderzoek,cluster flightcases algemeen,flightcase transflex,Exact
CaseBuilder SEO-onderzoek,cluster flightcases algemeen,flightcase tresenelemente,Exact
CaseBuilder SEO-onderzoek,cluster flightcases algemeen,flightcase uitschuif werkblad,Exact
CaseBuilder SEO-onderzoek,cluster flightcases algemeen,flightcase variabele telepromptergeval,Exact
CaseBuilder SEO-onderzoek,cluster flightcases algemeen,flightcase ventilatieshotel,Exact
CaseBuilder SEO-onderzoek,cluster flightcases algemeen,flightcase ventilatieshotel medium,Exact
CaseBuilder SEO-onderzoek,cluster flightcases algemeen,flightcase verdeelbord voor megaflex vrachtwagenformaat kort,Exact
CaseBuilder SEO-onderzoek,cluster flightcases algemeen,flightcase vermona perfourmer mk ii cv,Exact
CaseBuilder SEO-onderzoek,cluster flightcases algemeen,flightcase voor ableton push 3 controller,Exact
CaseBuilder SEO-onderzoek,cluster flightcases algemeen,flightcase vox tonelab se footboard,Exact
CaseBuilder SEO-onderzoek,cluster flightcases algemeen,flightcase waldorf iridium,Exact
CaseBuilder SEO-onderzoek,cluster flightcases algemeen,flightcase waldorf kyra,Exact
CaseBuilder SEO-onderzoek,cluster flightcases algemeen,flightcase waldorf stvc,Exact
CaseBuilder SEO-onderzoek,cluster flightcases algemeen,flightcase warnex structuurlak,Exact
CaseBuilder SEO-onderzoek,cluster flightcases algemeen,flightcase warnex structuurlak zwart 6 kg,Exact
CaseBuilder SEO-onderzoek,cluster flightcases algemeen,flightcase wave fit,Exact
CaseBuilder SEO-onderzoek,cluster flightcases algemeen,flightcase welaku stagepaint,Exact
CaseBuilder SEO-onderzoek,cluster flightcases algemeen,flightcase wentex foh screen set rg,Exact
CaseBuilder SEO-onderzoek,cluster flightcases algemeen,flightcase wielplaat,Exact
CaseBuilder SEO-onderzoek,cluster flightcases algemeen,flightcase winterhalter uc,Exact
CaseBuilder SEO-onderzoek,cluster flightcases algemeen,flightcase wodka energy,Exact
CaseBuilder SEO-onderzoek,cluster flightcases algemeen,flightcase wood spezial yamaha genos 2,Exact
CaseBuilder SEO-onderzoek,cluster flightcases algemeen,flightcase workstation office mobiele werkplek met verwijderbare deksel,Exact
CaseBuilder SEO-onderzoek,cluster flightcases algemeen,flightcase yamaha mox 8,Exact
CaseBuilder SEO-onderzoek,cluster flightcases algemeen,flightcase yamaha rivage pm 5,Exact
CaseBuilder SEO-onderzoek,cluster flightcases algemeen,garderoben case,Exact
CaseBuilder SEO-onderzoek,cluster flightcases algemeen,havanna case,Exact
CaseBuilder SEO-onderzoek,cluster flightcases algemeen,headrush flex prime pedaalkoffer,Exact
CaseBuilder SEO-onderzoek,cluster flightcases algemeen,hoed flightcase,Exact
CaseBuilder SEO-onderzoek,cluster flightcases algemeen,jaegermeister case,Exact
CaseBuilder SEO-onderzoek,cluster flightcases algemeen,koffer 2 faecher,Exact
CaseBuilder SEO-onderzoek,cluster flightcases algemeen,koffer case dji mavic pro ii inkl smart fernbedienung,Exact
CaseBuilder SEO-onderzoek,cluster flightcases algemeen,koffer eco,Exact
CaseBuilder SEO-onderzoek,cluster flightcases algemeen,koffer met afneembaar deksel voor boss katana head gen 3,Exact
CaseBuilder SEO-onderzoek,cluster flightcases algemeen,koffer met live system inleg inleg niet inbegrepen,Exact
CaseBuilder SEO-onderzoek,cluster flightcases algemeen,lagwaffenkoffer,Exact
CaseBuilder SEO-onderzoek,cluster flightcases algemeen,live koffer,Exact
CaseBuilder SEO-onderzoek,cluster flightcases algemeen,logitech rally plus 5 expansion mic koffer,Exact
CaseBuilder SEO-onderzoek,cluster flightcases algemeen,lp case eco,Exact
CaseBuilder SEO-onderzoek,cluster flightcases algemeen,lp case eco standard pb,Exact
CaseBuilder SEO-onderzoek,cluster flightcases algemeen,magic fx clubblower flightcase,Exact
CaseBuilder SEO-onderzoek,cluster flightcases algemeen,make up spiegelkoffer inclusief verlichting,Exact
CaseBuilder SEO-onderzoek,cluster flightcases algemeen,make upspiegelkoffer in zwart met verlichting,Exact
CaseBuilder SEO-onderzoek,cluster flightcases algemeen,mega flex koffer,Exact
CaseBuilder SEO-onderzoek,cluster flightcases algemeen,mega flightcase,Exact
CaseBuilder SEO-onderzoek,cluster flightcases algemeen,merchandisekoffer met 6 vakken en plank,Exact
CaseBuilder SEO-onderzoek,cluster flightcases algemeen,mobiele cateringkeuken flightcase met kookplaat en spoelbak,Exact
CaseBuilder SEO-onderzoek,cluster flightcases algemeen,multi flightcase,Exact
CaseBuilder SEO-onderzoek,cluster flightcases algemeen,office workstation case,Exact
CaseBuilder SEO-onderzoek,cluster flightcases algemeen,plasma case geteilte haube,Exact
CaseBuilder SEO-onderzoek,cluster flightcases algemeen,professionele borstkoffer voor medische hulpmiddelen met 2 afstandhouders,Exact
CaseBuilder SEO-onderzoek,cluster flightcases algemeen,professionele keukenflightcase voor waterdispensers,Exact
CaseBuilder SEO-onderzoek,cluster flightcases algemeen,professionele koffer met een deur voor weense pauken met oprijplaat,Exact
CaseBuilder SEO-onderzoek,cluster flightcases algemeen,profi cover case,Exact
CaseBuilder SEO-onderzoek,cluster flightcases algemeen,ramazzotti koffer,Exact
CaseBuilder SEO-onderzoek,cluster flightcases algemeen,robuuste splitkoffer voor een kawai sk 7 vleugel,Exact
CaseBuilder SEO-onderzoek,cluster flightcases algemeen,schrank casedesign,Exact
CaseBuilder SEO-onderzoek,cluster flightcases algemeen,single door case aussenmasse,Exact
CaseBuilder SEO-onderzoek,cluster flightcases algemeen,stolp case 2,Exact
CaseBuilder SEO-onderzoek,cluster flightcases algemeen,stolp case 3,Exact
CaseBuilder SEO-onderzoek,cluster flightcases algemeen,stolp case 4,Exact
CaseBuilder SEO-onderzoek,cluster flightcases algemeen,stolp case 5,Exact
CaseBuilder SEO-onderzoek,cluster flightcases algemeen,stolp case 6,Exact
CaseBuilder SEO-onderzoek,cluster flightcases algemeen,stolp case 7,Exact
CaseBuilder SEO-onderzoek,cluster flightcases algemeen,table casedesign,Exact
CaseBuilder SEO-onderzoek,cluster flightcases algemeen,verstelbare teleprompter flightcase max,Exact
CaseBuilder SEO-onderzoek,cluster flightcases algemeen,workstation office case,Exact
CaseBuilder SEO-onderzoek,cluster flightcases algemeen,workstation office case 2,Exact
CaseBuilder SEO-onderzoek,cluster flightcases algemeen,zubehoerflightcase nachtblau,Exact
CaseBuilder SEO-onderzoek,cluster zonder cluster,schrankcase,Exact
CaseBuilder SEO-onderzoek,cluster zonder cluster,accessoirebox,Exact
CaseBuilder SEO-onderzoek,cluster zonder cluster,kitchencase,Exact
CaseBuilder SEO-onderzoek,cluster zonder cluster,bedieningspaneel van de cx plus behuizing,Exact
CaseBuilder SEO-onderzoek,cluster zonder cluster,desi handdesinfektionscase gruen,Exact
CaseBuilder SEO-onderzoek,cluster zonder cluster,dividing wall megaflex roadcase,Exact
CaseBuilder SEO-onderzoek,cluster zonder cluster,economy dekselcase,Exact
CaseBuilder SEO-onderzoek,cluster zonder cluster,flighcsstcase sequential prophet,Exact
CaseBuilder SEO-onderzoek,cluster zonder cluster,gtr konsolencase,Exact
CaseBuilder SEO-onderzoek,cluster zonder cluster,heavy dekselcase,Exact
CaseBuilder SEO-onderzoek,cluster zonder cluster,hoedcase samenstellen,Exact
CaseBuilder SEO-onderzoek,cluster zonder cluster,kantoorkist,Exact
CaseBuilder SEO-onderzoek,cluster zonder cluster,kuehlschrankcase,Exact
CaseBuilder SEO-onderzoek,cluster zonder cluster,kuehlschrankcase 2,Exact
CaseBuilder SEO-onderzoek,cluster zonder cluster,live dekselcase,Exact
CaseBuilder SEO-onderzoek,cluster zonder cluster,multikist,Exact
CaseBuilder SEO-onderzoek,cluster zonder cluster,plasmacase,Exact
CaseBuilder SEO-onderzoek,cluster zonder cluster,professionele kantoorkist,Exact
CaseBuilder SEO-onderzoek,cluster zonder cluster,profi dekselcase,Exact
CaseBuilder SEO-onderzoek,cluster zonder cluster,profi zubehorcase,Exact
CaseBuilder SEO-onderzoek,cluster zonder cluster,trennbrett megaflex roadcase,Exact
CaseBuilder SEO-onderzoek,cluster zonder cluster,zubehoerbox,Exact
CaseBuilder SEO-onderzoek,cluster zonder cluster,zubehorcase,Exact
